标题,日期,星期,链接,来源,标记,异常信息,消息序号,记录时间,
,,,https://watcha.cn/products/monster-claw,,,未提取来源信息、未提取日期,283,2026/2/15 1:36,
,,,https://watcha.cn/products/raycast-ai,,,未提取来源信息、未提取日期,283,2026/2/15 1:36,
,,,https://watcha.cn/products/teamily,,,未提取来源信息、未提取日期,283,2026/2/15 1:36,
,,,https://watcha.cn/products/team9,,,未提取来源信息、未提取日期,283,2026/2/15 1:36,
,,,https://watcha.cn/products/nowmee,,,未提取来源信息、未提取日期,283,2026/2/15 1:36,
,,,https://watcha.cn/products/leewow,,,未提取来源信息、未提取日期,285,2026/2/15 3:23,
,,,https://watcha.cn/products/workbuddy,,,未提取来源信息、未提取日期,285,2026/2/15 3:23,
,,,https://watcha.cn/products/gro,,,未提取来源信息、未提取日期,285,2026/2/15 3:23,
,,,https://watcha.cn/products/cube,,,未提取来源信息、未提取日期,285,2026/2/15 3:23,
,,,https://watcha.cn/products/fermi-ai,,,"通用解析失败: ('Connection aborted.', ConnectionResetError(10054, '远程主机强迫关闭了一个现有的连接。', None, 10054, None))",285,2026/2/15 3:23,
,,,https://watcha.cn/products/monster-claw,,,未提取来源信息、未提取日期,286,2026/2/15 3:23,
,,,https://watcha.cn/products/raycast-ai,,,未提取来源信息、未提取日期,286,2026/2/15 3:23,
,,,https://watcha.cn/products/teamily,,,未提取来源信息、未提取日期,286,2026/2/15 3:23,
,,,https://watcha.cn/products/team9,,,未提取来源信息、未提取日期,286,2026/2/15 3:23,
,,,https://watcha.cn/products/nowmee,,,未提取来源信息、未提取日期,286,2026/2/15 3:23,
,,,https://watcha.cn/products/monster-claw,Web-观猹,,未提取日期,287,2026/2/15 4:03,
,,,https://watcha.cn/products/raycast-ai,Web-观猹,,未提取日期,287,2026/2/15 4:03,
,,,https://watcha.cn/products/teamily,Web-观猹,,未提取日期,287,2026/2/15 4:03,
,,,https://watcha.cn/products/team9,Web-观猹,,未提取日期,287,2026/2/15 4:03,
,,,https://watcha.cn/products/nowmee,Web-观猹,,未提取日期,287,2026/2/15 4:03,
,,,https://mp.weixin.qq.com/s/DaGTN80Il50xc47hR8736Q,微信,,未提取日期,1121,2026/3/5 19:06,已解析
,,,https://mp.weixin.qq.com/s/JQnf6hlQpHTTpXNepnSNVQ,微信X失效,,未提取日期,1178,2026/3/6 19:53,已解析
,,,https://mp.weixin.qq.com/s/Oz2j8n3cpe2ejsP9NPq-QQ,微信X失效,,未提取日期,1327,2026/3/9 4:16,已解析
,,,https://mp.weixin.qq.com/s/y7JEG-inGA57nwlJk9k8KQ,微信X失效,,未提取日期,1376,2026/3/9 18:45,已解析
,,,https://mp.weixin.qq.com/s/Q7tGFiGwoIHLmO1ZcdubKQ,微信X失效,,未提取日期,1543,2026/3/13 14:20,已解析
,,,https://mp.weixin.qq.com/s/38kpfKcMu0g03SPDADNVQA,微信X失效,,未提取日期,1716,2026/3/15 21:13,已解析
,,,https://mp.weixin.qq.com/s/JPg_teZArvRVDyhqWsLGdg,微信X失效,,未提取日期,1863,2026/3/17 19:01,已解析
,,,https://mp.weixin.qq.com/s/627mVhea97gkVdgyk4fwVg,微信X失效,,"微信文章解析失败: ('Connection aborted.', ConnectionAbortedError(10053, '你的主机中的软件中止了一个已建立的连接。', None, 10053, None))",1929,2026/3/18 15:14,已解析
,,,https://mp.weixin.qq.com/s/S_6GweaJ1KmNbaP84QJSZQ,微信X失效,,未提取日期,1992,2026/3/19 19:25,已解析
,,,https://mp.weixin.qq.com/s/pRWTrdfD2WhgKlTmnaqpiQ,微信X失效,,未提取日期,2088,2026/3/20 20:32,已解析
,,,https://mp.weixin.qq.com/s/DKiegAF2J6SsueFEh1PJ7g,微信X失效,,未提取日期,2176,2026/3/22 23:51,已解析
,,,https://mp.weixin.qq.com/s/qkuph6LOA9dOK28-DY6Mrw,微信X失效,,未提取日期,2260,2026/3/23 20:07,已解析
,,,https://mp.weixin.qq.com/s/nFN0gSnyheU5Qfo65bNlnA,微信X失效,,"微信文章解析失败: ('Connection aborted.', ConnectionResetError(10054, '远程主机强迫关闭了一个现有的连接。', None, 10054, None))",2402,2026/3/26 19:34,已解析
,,,https://mp.weixin.qq.com/s/v_rIZTKzZjwlwcoALhwQ4g,微信X失效,,"微信文章解析失败: HTTPSConnectionPool(host='mp.weixin.qq.com', port=443): Max retries exceeded with url: /s/v_rIZTKzZjwlwcoALhwQ4g (Caused by SSLError(SSLEOFError(8, '[SSL: UNEXPECTED_EOF_WHILE_READING] EOF occurred in violation of protocol (_ssl.c:1032)')))",2404,2026/3/26 19:34,已解析
,,,https://mp.weixin.qq.com/s/bM3cIIzCje2hiQcne1XryQ,微信X失效,,"微信文章解析失败: ('Connection aborted.', ConnectionAbortedError(10053, '你的主机中的软件中止了一个已建立的连接。', None, 10053, None))",2455,2026/3/28 12:47,已解析
,,,https://mp.weixin.qq.com/s/jx7NtoIJ_wVRXnKJ6OjsnA?snipping_id=97cc8e3acfe0209b9674dbc1ad4f421d,微信X失效,,未提取日期,2678,2026/3/30 16:25,已解析
安志萍：大模型赋能体检报告智能生成,,,https://www.hit180.com/77729.html,,,未提取来源信息、未提取日期,1347,2026/3/9 18:45,已解析
《AI行业2025年度总结补充篇（V4不等了版）》_哔哩哔哩_bilibili,,,https://b23.tv/9zTq8x9,APP-哔哩哔哩,,未提取日期,1383,2026/3/9 18:45,已解析
【开箱】小米miclaw隐藏玩法？我家被AI占领了..._哔哩哔哩_bilibili,,,https://b23.tv/nhMHXS2,APP-哔哩哔哩,,未提取日期,1487,2026/3/11 20:14,已解析
全网搞龙虾，龙虾是否被吹捧过度了？ - 链上深度分析 - ChainThink链智库,,,https://chainthink.cn/zh-CN/article/110077903370031110?uid=1932036327095364111,,,未提取来源信息、未提取日期,1421,2026/3/10 22:34,已解析
YZi Labs ：229 笔投资、95 个上币安 - 链上深度分析 - ChainThink链智库,,,https://chainthink.cn/zh-CN/article/108033879050129442?uid=1932036327095364111,,,未提取来源信息、未提取日期,1648,2026/3/14 6:07,已解析
玩转OpenClaw｜云上OpenClaw接入元宝-腾讯云开发者社区-腾讯云,,,https://cloud.tencent.com/developer/article/2639249,,,未提取来源信息、未提取日期,1870,2026/3/17 19:01,已解析
腾讯没有开放微信，但它给 Agent 开了一个官方入口,20260321,周六,https://yage.ai/share/tencent-wechat-agent-entry-20260321.html,,,未提取来源信息,2178,2026/3/22 23:51,已解析
我国对国内成品油价格采取临时调控措施 减轻下游用户负担_手机同花顺财经,,,https://m.10jqka.com.cn/20260323/c675476487.shtml?fontzoom=no&client_userid=bVyLW&share_hxapp=gsc&share_action=webpage_share.community-list-default&back_source=wxhy&share_cnt=2,,,未提取来源信息、未提取日期,127,2026/3/23 20:10,已解析
【飞行社】在OpenClaw中调用coze工作流，不要让做好的工作流吃灰~,,,https://www.feishu.cn/community/prompts?id=7616623437972344006,,,未提取来源信息、未提取日期,2642,2026/3/30 7:18,已解析
,,,,,,,,,
,,,https://mp.weixin.qq.com/s/02JjCE-ORN9zUfYtlW0lQA,微信,,未提取日期,595,2026/2/26 3:14,已删除
,,,https://mp.weixin.qq.com/s/xPEVijfMQRxO85ojF3P3xQ,微信,,未提取日期,763,2026/3/1 1:33,已删除
,,,https://mp.weixin.qq.com/s/V6kC0F2KHH8BJR4olnfNRQ,微信X失效,,未提取日期,1481,2026/3/11 20:14,已删除
,,,https://mp.weixin.qq.com/s/5vvWRB2SCEeeyhixSNnw8w,微信X失效,,未提取日期,1873,2026/3/17 19:01,已删除
今日头条,,,https://m.toutiao.com/article/7613342588384412195/?app=news_article&category_new=__all__&module_name=Android_tt_others&share_did=MS4wLjACAAAA4mcOrg0mdQmljS_V6DhjoQg_bjbfvZXNwntAtrOZ9BM2SanPVuoXEMNiXaAyHrZR&share_uid=MS4wLjABAAAAeaP_96sZCjs_4f4XVzTWov583E9fxyMHdRI5f3lwb_4&timestamp=1772694305&tt_from=wechat&upstream_biz=Android_wechat&utm_campaign=client_share&utm_medium=toutiao_android&utm_source=wechat&share_token=69fb16f5-aa96-45a8-b813-1043af27c70d,头条OT,,未提取日期,1260,2026/3/7 5:15,页面不存在
OpenClaw工具箱,,,https://ima.qq.com/wiki/?shareId=61fb20b51105008790ec678ba02a3501d7046bdaa2fdd4a39c07310d71a7e707,,,未提取来源信息、未提取日期,335,2026/2/18 5:15,已录入
ShortDramaAI — 制作短剧如此便捷,,,https://drama-ai.cn/zh,,,未提取来源信息、未提取日期,868,2026/3/2 18:11,已录入
每天都有 AI 产品“炸裂”，但我已经不焦虑了,20260207,,https://m.weibo.cn/status/5263671978887837,App-微博,,需要登录或无法访问,13,,手工录入
之前有张「中国AI vs 美国AI」的图（图1）很火，就在OpenAI和Anthropic齐发新模型的同时，元宝和千问正在开打红包大战，对比起来讽刺性拉满了,20260208,,https://m.weibo.cn/status/5264065811448972,App-微博,,需要登录或无法访问,32,,手工录入
真的有点恐怖，这个视频做的很突然，所以希望你能和我们一起来看看这个新发布的AI模型,20260209,,https://m.weibo.cn/status/5264210885346372,App-微博,,需要登录或无法访问,88,,手工录入
昨天开源了这个 OpenClaw??办公室的skill，一天不到在 X 上已经 10 万+阅读了！,20260227,,https://m.weibo.cn/status/5270884186063828,App-微博,,需要登录或无法访问,1062,2026/3/4 22:23,手工录入
为什么古巴，伊朗就搞不好经济呢？,20260309,,https://m.weibo.cn/status/5274383649604844?wm=3333_2001&from=10G3093010&sourcetype=weixin&s_trans=9intbCyRArXiBb%2Bn2z9pjw%3D%3D_5274383649604844_s&s_channel=5&jumpfrom=weibocom,App-微博,,需要登录或无法访问,91,2026/3/18 19:01,手工录入
为什么古巴，伊朗就搞不好经济呢？,20260309,,https://weibo.com/7442601366/5274383649604844,App-微博,,需要登录或无法访问,92,2026/3/18 19:01,手工录入
我做副业，曾很多年都效果一般，但那一年，月收入涨了 10 倍……_20260224,20260224,,https://articles.zsxq.com/id_282nwabe04j5.html,星球-AI产品经理大本营,,需要登录或无法访问,616,2026/2/26 3:14,手工录入
重要_我最近突然意识到，AI不仅会给普通大众带来心理问题，对于高阶人士，也会很危险_20260225,20260225,,https://t.zsxq.com/E4uTc,星球-AI产品经理大本营,,需要登录或无法访问,673,2026/2/26 3:58,手工录入
AI商业化落地的一个模式洞察_20260226,20260226,,https://t.zsxq.com/K02gq,星球-AI产品经理大本营,,需要登录或无法访问,739,2026/3/1 1:33,手工录入
周日换频道（302）_团员分享_AI日报志愿者总结+栋梁群申请_20260301,20260301,,https://articles.zsxq.com/id_nujk4sh5adi7.html,星球-AI产品经理大本营,Pin,需要登录或无法访问,862,2026/3/2 18:11,手工录入
重要_一位顶级投资人的灵性视角：当造物者恐惧造物，唯有灵性能穿越奇点_20260302,20260302,,https://articles.zsxq.com/id_3qlvc836c2kx.html,星球-AI产品经理大本营,,需要登录或无法访问,915,2026/3/3 17:30,手工录入
重要_过度钻研Prompt，可能是弄反了方向_20260305,20260305,,https://t.zsxq.com/syOK9,星球-AI产品经理大本营,,知识星球需登录、未配置access_token,1140,2026/3/6 19:53,手工录入
这个世界上，已经有一个地方，会同时放大“人的优点和缺点”_20260312,20260312,,https://t.zsxq.com/ODWMZ,星球-AI产品经理大本营,,知识星球需登录、未配置access_token,1592,2026/3/13 14:20,手工录入
重要_我终于也养上了小龙虾，但关键其实在于，我是怎么跨过“没足够动力开始vibe coding”的心理阈值的？_20260316,20260316,,https://t.zsxq.com/oG0eM,星球-AI产品经理大本营,,知识星球需登录、未配置access_token,1822,2026/3/16 23:22,手工录入
重要_对话型AI助手（ChatGPT）、Claude Code、OpenClaw，三者如何区别_20260318,20260318,,https://t.zsxq.com/1lC2a,星球-AI产品经理大本营,,知识星球需登录、未配置access_token,1966,2026/3/19 7:00,手工录入
非常重要_AI时代三重门_20260320,20260320,,https://t.zsxq.com/jJfVF,星球-AI产品经理大本营,,知识星球需登录、未配置access_token,2081,2026/3/20 16:12,手工录入
亲测踩坑攻略贴：安装OpenClaw，需要几步？_20260326,20260326,,https://t.zsxq.com/vGkBe,星球-AI产品经理大本营,,知识星球需登录、未配置access_token,2435,2026/3/28 12:47,手工录入
媒体凡尔赛的尽头，是Agent替你活着！,,,https://www.xiaohongshu.com/discovery/item/69a11c5c000000001502127f?app_platform=ios&app_version=9.19.4&share_from_user_hidden=true&xsec_source=app_share&type=normal&xsec_token=CB8JfDrCBLS_7EUAeFc1F3fMA2u8MDIT7cYZ7dE43l1oc=&author_share=1&xhsshare=WeixinSession&appuid=5d6ed0470000000001003398&apptime=1772168381.712469&share_id=1641ebe8ca544f6096a0a661bbf3f5b6,App-小红书,,需要登录或无法访问,757,2026/3/1 1:33,手工录入
漫画OpenClaw1：认识OpenClaw,20260305,,http://xhslink.com/o/9KPLHJFtWg1,APP-小红书,,需要登录或无法访问,1098,2026/3/5 19:06,手工录入
,,,http://xhslink.com/a/hlCWvHjzJjxcb,APP-小红书,,需要登录或无法访问,1198,2026/3/6 19:53,手工录入
可怕??我用OpenClaw远程控制电脑拍了照,20260306,,https://www.xiaohongshu.com/discovery/item/69aae69c0000000026030277?app_platform=ios&app_version=9.20&share_from_user_hidden=true&xsec_source=app_share&type=normal&xsec_token=CB9hkMArM6hNju2COX7o2mQ6T4lU6DridRfP63OlWoyRo=&author_share=1&xhsshare=WeixinSession&shareRedId=N0o0RkRKOz42NzUyOTgwNjc1OTk0Skc9&apptime=1772809219&share_id=c7cb74ad1c854d65b218139bbed5c34d#pushState,APP-小红书,,需要登录或无法访问,1233,2026/3/7 5:15,手工录入
可怕??我用OpenClaw远程控制电脑拍了照,20260306,,http://xhslink.com/o/4P09FiBepzE,APP-小红书,,需要登录或无法访问,1235,2026/3/7 5:15,手工录入
漫画OpenClaw1：认识OpenClaw,20260305,,https://www.xiaohongshu.com/discovery/item/69a918f7000000001503285b?app_platform=android&ignoreEngage=true&app_version=9.19.5&share_from_user_hidden=true&xsec_source=app_share&type=normal&xsec_token=CBfEFpb6VR7PuctfnwVz8Yu32r_jLh58PDJEas8IiOGzw%3D&author_share=1&xhsshare=&shareRedId=NztEMDhGRkFHPjpFQj02R0s4Pjs6ODg-&apptime=1772690752&share_id=a9cdbecd902e479187059a5871b70299&share_channel=wechat#pushState,APP-小红书,,需要登录或无法访问,1239,2026/3/7 5:15,手工录入
,,,https://www.xiaohongshu.com/discovery/item/69aaca700000000026032407?app_platform=ios&app_version=8.97&share_from_user_hidden=true&xsec_source=app_share&type=video&xsec_token=CBssI9Lpw06CGJn4ye0Cam7alPjr4aF_8QROpWV8sWLrM=&author_share=1&xhsshare=WeixinSession&shareRedId=ODg3Mjk2O0s2NzUyOTgwNjczOTdKR0w8&apptime=1772831264&share_id=020b76f372644d7b8c7f4d27a7a136cb#pushState,APP-小红书,,需要登录或无法访问,1262,2026/3/8 0:01,已删除
这个我愿称之Dankoe分身，本人聊天Ai知识库,20260313,,https://www.xiaohongshu.com/discovery/item/69b40d770000000020039d8d?app_platform=android&ignoreEngage=true&app_version=9.19.4&share_from_user_hidden=true&xsec_source=app_share&type=normal&noteAttributes=goods&xsec_token=CBYxgp4RFITvFjzb4kq2_9YkglFWOb1Dc-yIREPUECJ-k%3D&author_share=1&back_chain_id=goods_note_share&xhsshare=&shareRedId=ODdIOUY2Ozk2NzUyOTgwNjczOTdKSDc8&apptime=1773484837&share_id=b5cfb3385aa046c883c41f2d4d175071&share_channel=wechat#pushState,APP-小红书,,需要登录或无法访问,1733,2026/3/15 21:13,手工录入
这个我愿称之Dankoe分身，本人聊天Ai知识库,20260313,,http://xhslink.com/o/8QtwVJje3rD,APP-小红书,,需要登录或无法访问,1735,2026/3/15 21:13,手工录入
微信终于合法开放个人Bot API了,20260322,,https://www.xiaohongshu.com/discovery/item/69bf84ae000000001f0069b4?app_platform=android&ignoreEngage=true&app_version=9.19.4&share_from_user_hidden=true&xsec_source=app_share&type=normal&xsec_token=CB07oHBUW1z9EQGdOxd_mtea8SdAVLOGOhFopmnCWzz78%3D&author_share=1&xhsshare=&shareRedId=ODdIOUY2Ozk2NzUyOTgwNjczOTdKSDc8&apptime=1774174476&share_id=2a5cc6e1da754a429b3dacef3991cc0d&share_channel=wechat,APP-小红书,,需要登录或无法访问,2219,2026/3/23 1:19,手工录入
杭州一创业者开 1 人公司，团队完全由 AI 智能体组成，月入 200 万，真能挣这么多钱吗？,20260214,,https://www.zhihu.com/question/2005725246167147371,APP-知乎,,未提取标题、未提取日期,271,2026/2/15 1:13,手工录入
Hello-Claw （构建篇）领学计划 Day01笔记,20260325,周三,https://zhuanlan.zhihu.com/p/2019462991532282238,APP-知乎,,知乎需登录、未配置cookie,2275,2026/3/23 20:07,手工录入
OpenClaw高级使用经验之如何调用Claude Code最省Token！2026年最强生产力！Claude Code Hooks回调+Agent Teams实现全自动开发零轮询方案详解！效率神器 - YouTube,20260210,,https://m.youtube.com/watch?v=iJEfIc1mrsc&pp=0gcJCUABo7VqN5tD,Web-Youtube,,JS渲染页面、未提取日期,442,2026/2/21 0:57,手工录入
OpenClaw创始人Peter Steinberger加入OpenAI报告 - Dobby.now,20260216,,https://dobby.now/community/view/c1cd69d3-5fc9-46b2-834e-d33b208d7e6a,Web_OT,,未提取日期,301,2026/2/18 5:15,手工录入
Claude AI 在 Operation Epic Fury 中的角色 | 深度报告 - Dobby.now,20260302,,https://dobby.now/community/view/e93b8d94-7661-408f-ad6e-18b604483cff,Web_OT,,未提取日期,971,2026/3/3 17:30,手工录入
微信也能用OpenClaw!手把手教你如何实现,,,https://cs.cloud.tencent.com/workbench/?cid=ww48dc9b0429412b39&type=posterShare&id=2028379247501197313&userId=YuanLinHu&unionId=&WsUtmSource=material-share,Web_OT,,JS渲染页面、未提取标题、未提取日期,982,2026/3/3 17:36,手工录入
微信也能用OpenClaw!手把手教你如何实现,,,https://cs.cloud.tencent.com/workbench/material/marketing/poster-share/ww48dc9b0429412b39?cid=ww48dc9b0429412b39&type=posterShare&id=2028379247501197313&userId=YuanLinHu&unionId=&WsUtmSource=material-share&linkSource=message,Web_OT,,JS渲染页面、未提取标题、未提取日期,1059,2026/3/4 22:23,手工录入
Master chief和元宝的对话,,,https://yb.tencent.com/s/0QMugZvxSWFc?source=0,,,未提取来源信息、未提取日期,1887,2026/3/18 1:48,不录入
Master chief和元宝的对话,,,https://yb.tencent.com/s/qoFeIBYCVVIm?source=0,,,未提取来源信息、未提取日期,1888,2026/3/18 1:48,不录入
,,,https://special.huxiu.com/xsxx/2026Q1_outdoor/,,,未提取来源信息、未提取标题、未提取日期,2348,2026/3/25 15:08,不录入
,,,https://special.huxiu.com/xsxx/2026Q1_ai/,,,未提取来源信息、未提取标题、未提取日期,2349,2026/3/25 15:08,不录入
,,,https://www.xiaohongshu.com/discovery/item/69cb38ed000000001a02a288?app_platform=ios&app_version=9.23&share_from_user_hidden=true&xsec_source=app_share&type=normal&xsec_token=CBT1Qum7jSAd5mAsDiP3RLT243Vzc0uFnVWt-oz1OwUbQ=&author_share=1&xhsshare=WeixinSession&shareRedId=ODc0ODU6O042NzUyOTgwNjgzOTlJOj9L&apptime=1774934882&share_id=e9c6265108fe4a0ba8befbc0dc4d4f38,APP-小红书,,需要登录或无法访问,2729,2026-03-31 20:32:52
,,,https://www.xiaohongshu.com/discovery/item/69d50582000000001f000932?app_platform=android&ignoreEngage=true&app_version=9.19.4&share_from_user_hidden=true&xsec_source=app_share&type=normal&xsec_token=CB4MB-GpPU6qIYCGNaMTu1HW9wYRnNCdnU1mqaTD59-No%3D&author_share=1&xhsshare=&shareRedId=ODdIOUY2Ozk2NzUyOTgwNjczOTdKSDc8&apptime=1775577254&share_id=4a5893782eb14f488a1cfe8a46955112&share_channel=wechat#pushState,APP-小红书,,需要登录或无法访问,3190,2026-04-08 12:04:19
进化岛 | 刘润日课两周年,,,https://liurun.online/evolution-island/liurun-capsule,,,未提取来源信息,3228,2026-04-08 13:19:05
国资委新设境外国资工作局，释放了哪些信号,,,https://view.inews.qq.com/w/20260409A03G6B00?bat_id=2100333852&refer=nwx&strategy=feature&_rp=2&cur_pos=0&ft=0&grp_id=2300333853&newsGid=20260409_r137867&rate=0&pushid=2026040902&bkt=0&openid=o04IBACPVP6n-A8kc-fwHcs5PxgM&tbkt=C1&cg=4&it=1&ext=%7B%22pl%22%3A51453952%2C%22yb_qa%22%3A%22%22%7D&lrg=1&allcmsids=20260409A03G6B00_20260409V03IWI00_20260409A03LY000_20260409A022YK00&segmentNum=1476&groupid=1775713311&msgid=0&rpcopenid=o04IBACPVP6n-A8kc-fwHcs5PxgM&key=&version=2800455e&devicetype=android-36&wuid=oDdoCtyXPHL1Vhwun9OQUDM3WJIE,,,未提取来源信息,226,2026-04-09 14:46:49
国资委新设境外国资工作局，释放了哪些信号,,,https://view.inews.qq.com/w/20260409A03G6B00?bat_id=2100333852&refer=nwx&strategy=feature&_rp=2&cur_pos=0&ft=0&grp_id=2300333853&newsGid=20260409_r137867&rate=0&pushid=2026040902&bkt=0&openid=o04IBACPVP6n-A8kc-fwHcs5PxgM&tbkt=H&it=2&ext=%7B%22pl%22%3A51511328%7D&lrg=1&allcmsids=20260409A03G6B00_20260409V03IWI00_20260409A03LY000_20260409A022YK00&segmentNum=9247&groupid=1775719048&msgid=0&rpcopenid=o04IBAERj7BQmV0vKS8tWyknuYyQ&key=&version=2800455e&devicetype=android-36&wuid=oDdoCtyXPHL1Vhwun9OQUDM3WJIE,,,未提取来源信息,229,2026-04-09 19:36:39
2026 OpenClaw Security Risk Whitepaper,,,https://clawguardsecurity.ai/blog/openclaw-security-risk-whitepaper-2026-q1,,,未提取来源信息,3340,2026-04-10 05:57:54
,,,https://mp.weixin.qq.com/s/1eAfmTr5xUnU1aAZuKAKvg,微信X失效,,"微信文章解析失败: (""Connection broken: ConnectionResetError(10054, '远程主机强迫关闭了一个现有的连接。', None, 10054, None)"", ConnectionResetError(10054, '远程主机强迫关闭了一个现有的连接。', None, 10054, None))",3392,2026-04-10 22:36:27
,,,https://zhuanlan.zhihu.com/p/557663292,APP-知乎,,知乎需登录、未配置cookie,240,2026-04-12 16:34:24
,,,https://mp.weixin.qq.com/s/uOMXh7o-m8b3TjlEwn-Waw,微信X失效,,未提取日期,3446,2026-04-13 15:45:15
,,,https://www.zhihu.com/question/659734353/answer/2024617993573770539?share_code=1iQVIGilHcETc&utm_psn=2027033168574779858&utm_source=wechat_session&utm_medium=social&s_r=0,APP-知乎,,知乎需登录、未配置cookie,247,2026-04-13 15:48:03
,,,https://mp.weixin.qq.com/s/ziI_fe5ztAaQHp3ln5k_mw,微信X失效,,未提取日期,249,2026-04-14 01:44:37
,,,http://xhslink.com/o/6Iu6yJUvypZ,APP-小红书,,需要登录或无法访问,3469,2026-04-14 16:46:36
,,,https://mp.weixin.qq.com/s/cjUM2d-8pIZKuBGOzY9T8A,微信X失效,,未提取日期,3487,2026-04-15 14:14:13
,,,https://m.weibo.cn/status/5286209694991843,App-微博,,需要登录或无法访问,3495,2026-04-15 14:14:13
,,,https://www.xiaohongshu.com/discovery/item/69d50582000000001f000932?app_platform=android&ignoreEngage=true&app_version=9.19.4&share_from_user_hidden=true&xsec_source=app_share&type=normal&xsec_token=CB4MB-GpPU6qIYCGNaMTu1HW9wYRnNCdnU1mqaTD59-No%3D&author_share=1&xhsshare=&shareRedId=ODdIOUY2Ozk2NzUyOTgwNjczOTdKSDc8&apptime=1775577254&share_id=4a5893782eb14f488a1cfe8a46955112&share_channel=wechat#pushState,APP-小红书,,需要登录或无法访问,3506,2026-04-15 16:03:23
,,,http://xhslink.com/o/lCrXTFG00F,APP-小红书,,需要登录或无法访问,3507,2026-04-15 16:03:23
,,,https://mp.weixin.qq.com/s/CljajqS3x3ETOe4tPubQzw,微信X失效,,未提取日期,3510,2026-04-15 16:03:23
,,,https://www.xiaohongshu.com/discovery/item/69e046f3000000000902f76e?app_platform=ios&app_version=9.25&share_from_user_hidden=true&xsec_source=app_share&type=normal&xsec_token=CBRyVqYDx7Kc4elXK3LRV3P1MEqUArLRaLXu1GVfAfWrg=&author_share=1&xhsshare=WeixinSession&appuid=5d6ed0470000000001003398&apptime=1776306388.100652&share_id=18e505ffd7d446cbac8861fcbad0e009,APP-小红书,,需要登录或无法访问,3547,2026-04-16 16:26:10
,,,https://mp.weixin.qq.com/s/iXzNukBffzQ5Wvx22KO0aw?from=groupmessage&scene=1&subscene=10000&sessionid=1776336412&clicktime=1776338881&enterid=1776338881,微信X失效,,未提取日期,3550,2026-04-17 01:20:25
,,,https://mp.weixin.qq.com/s/D4bO-Uzuw1CwfwSDK8lkmw,微信X失效,,未提取日期,3581,2026-04-18 10:29:18
,,,https://zhuanlan.zhihu.com/p/2026576679863166090?share_code=cdVTGL0ea5do&utm_psn=2028406522925851733&utm_source=wechat_session&utm_medium=social&s_r=0,APP-知乎,,知乎需登录、未配置cookie,3588,2026-04-18 14:12:51
,,,http://xhslink.com/o/Arq8NelWchx,APP-小红书,,需要登录或无法访问,3621,2026-04-20 14:46:24
,,,https://www.xiaohongshu.com/discovery/item/69e6e8c9000000000a004668?app_platform=ios&app_version=9.26.1&share_from_user_hidden=true&xsec_source=app_share&type=normal&xsec_token=CBkIp_QSihOYmpyNeoG79QY5FaRdmUsjVvCNWPJmaax1o=&author_share=1&xhsshare=WeixinSession&appuid=5d6ed0470000000001003398&apptime=1776740718.107322&share_id=6e20398c90894e54afff04889a03baf3,APP-小红书,,需要登录或无法访问,3634,2026-04-21 17:42:52
,,,https://mp.weixin.qq.com/s/gRWVVVWjzfoXYwmyqaLygg?from=groupmessage&scene=1&subscene=10000&sessionid=1776776550&clicktime=1776831724&enterid=1776831724&ascene=1&fasttmpl_type=0&fasttmpl_fullversion=8224947-zh_CN-zip&fasttmpl_flag=0&realreporttime=1776831724264,微信X失效,,未提取日期,3649,2026-04-22 16:03:33
,,,https://mp.weixin.qq.com/s/D76ipiGcg__56Lx0Rjs4Iw,微信X失效,,未提取日期,3688,2026-04-24 01:26:41
,,,https://zhuanlan.zhihu.com/p/2026071811813643264,APP-知乎,,知乎需登录、未配置cookie,3690,2026-04-24 01:26:41
百度安全验证,,,https://baijiahao.baidu.com/s?id=1863315609273087185&wfr=spider&for=pc,,,未提取来源信息,3692,2026-04-24 17:47:17
,,,https://mp.weixin.qq.com/s/DyF_z3lqnt7sRCfQRQeYpQ,微信X失效,,未提取日期,3734,2026-04-26 04:09:06
,,,https://mp.weixin.qq.com/s/kpxOfnNTP_J5kP2RDcwjPA?from=groupmessage&scene=1&subscene=10000&sessionid=1777345001&clicktime=1777366115&enterid=1777366115&ascene=1&fasttmpl_type=0&fasttmpl_fullversion=8233223-zh_CN-zip&fasttmpl_flag=0&realreporttime=1777366115888,微信X失效,,未提取日期,3786,2026-04-29 03:54:40
,,,https://www.zaobao.com/news/china/story20260427-8962086?utm_source=ios-share&utm_medium=app,,,未提取来源信息,286,2026-04-29 13:21:12
,,,https://mp.weixin.qq.com/s/JC_9Sm8YixC5LM35hY2vDw,微信X失效,,未提取日期,288,2026-04-29 13:21:12
,,,https://mp.weixin.qq.com/s/F8WUwcqYcbADfGuKRvHd2Q,微信X失效,,未提取日期,3866,2026-04-29 21:52:28
,,,https://mp.weixin.qq.com/s/8rGuLfmdrd7XRPKdVKY6EQ,微信X失效,,未提取日期,3902,2026-04-30 22:52:35
,,,http://xhslink.com/o/5I2jVAtpgKe,APP-小红书,,需要登录或无法访问,4001,2026-05-06 03:52:14
,,,https://www.xiaohongshu.com/discovery/item/69fa95c1000000001f006b90?app_platform=android&ignoreEngage=true&app_version=9.28.1&share_from_user_hidden=true&xsec_source=app_share&type=video&xsec_token=CBKh0-gjZWLS729vYti9tBk0jz5BR4GgtdvDjsgaVA8KY%3D&author_share=1&xhsshare=&shareRedId=N0syMzw1SEA2NzUyOTgwNjY0OTc6Oz9P&apptime=1778030225&share_id=3d00feaa295a444fba7ba9eaabf811e6&share_channel=wechat,APP-小红书,,需要登录或无法访问,4037,2026-05-07 12:35:41
- YouTube,,,https://m.youtube.com/watch?v=Skiv7PcQIKU&pp=iggCQAE%3D,Web-Youtube,,JS渲染页面、未提取日期、未提取日期,4123,2026-05-08 19:21:48
,,,https://www.xiaohongshu.com/discovery/item/69ff27c2000000001f0000b6?app_platform=android&ignoreEngage=true&app_version=9.29.0&share_from_user_hidden=true&xsec_source=app_share&type=normal&xsec_token=CB_f0fOaysxDqZH04xCvxmViQv97-glJEkpzBCrWn47rg%3D&author_share=1&xhsshare=&shareRedId=NztEMDhGRkFHPjpFQj02R0s4Pjs6ODg-&apptime=1778330352&share_id=70acf48d828647eb8215e52188755ed9&share_channel=wechat#pushState,APP-小红书,,需要登录或无法访问,4146,2026-05-10 01:19:13
,,,https://mp.weixin.qq.com/s/xg1781wtrVnp4JBgjhmDhw,微信X失效,,未提取日期,4190,2026-05-13 20:03:37
热门推荐,,,https://ishare.ifeng.com/api/share/redirect/2d11c8c1a2dd33c5a11f9190c5859983?type=article,,,未提取来源信息,4198,2026-05-13 20:03:37
,,,https://paper.jyb.cn/zgjyb/h5/html5/2026-05/13/content_144742_19526426.htm?curr=&sn=941079bb85c6af50&ts=1778631191,,,未提取来源信息,4208,2026-05-13 20:03:37
,,,https://mp.weixin.qq.com/s/jwLH8Kd-1pSrJMO-BGGC1Q,微信X失效,,未提取日期,4271,2026-05-23 18:01:59
始智AI-wisemodel-All-for-Agent平台,,,https://wisemodel.cn/post/P20260518150959lEw3AU,,,未提取来源信息,4334,2026-05-23 18:01:59
,,,https://mp.weixin.qq.com/s/VUmKaUncDJxTcvblB4gB4A?from=groupmessage&scene=1&subscene=10000&sessionid=1779240345&clicktime=1779246721&enterid=1779246721&ascene=1&fasttmpl_type=0&fasttmpl_fullversion=8264571-zh_CN-zip&fasttmpl_flag=0&realreporttime=1779246721006,微信X失效,,未提取日期,4338,2026-05-23 18:01:59
,,,https://mp.weixin.qq.com/s/r98CydA2-g8MyNeFsmaM0g,微信X失效,,未提取日期,4401,2026-05-23 18:01:59
,,,https://mp.weixin.qq.com/s/MbNypaR1d5ZPi2DUvBG9KQ,微信X失效,,未提取日期,4413,2026-05-23 18:01:59
,,,https://mp.weixin.qq.com/s/SaGXkNgryrPGYImSlEwz_g,微信X失效,,未提取日期,341,2026-05-23 18:09:11
,,,https://mp.weixin.qq.com/s/rH3rfBAaVw_LWak74xT77w,微信X失效,,未提取日期,355,2026-05-23 18:09:11
知乎知学堂,,,https://www.zhihu.com/education/activities/2014755294421464196,,,未提取来源信息,4435,2026-05-28 01:30:51
今日头条,,,https://m.toutiao.com/article/7643028993847099940/?app=news_article&category_new=__all__&module_name=Android_tt_others&share_did=MS4wLjACAAAASyZmMtuoS-wVjgYfOJMK7j9Qnh1Yu33OLodG_vSbGqdnt8fL2i_bJHYyORwModZg&share_uid=MS4wLjABAAAAcOx9LMuVvLeE3wFpRKBOassgLtZjb7RMFx8_G24EDOg&timestamp=1779540679&tt_from=wechat&upstream_biz=Android_wechat&utm_campaign=client_share&utm_medium=toutiao_android&utm_source=wechat&share_token=e7873f13-d64e-4b94-aaa7-89bc1a800825,头条OT,,未提取日期,4438,2026-05-28 01:30:51
WorkBuddy以885万月访问量登顶PC端AI助手，CodeBuddy定价9.95美元，腾讯发动钳形攻势收税企业工作流 - 今日头条,,,https://m.toutiao.com/ai_subscribe/7644488104321876515/?app=news_article&category_new=__all__&module_name=Android_tt_others&share_did=MS4wLjACAAAA4mcOrg0mdQmljS_V6DhjoQg_bjbfvZXNwntAtrOZ9BM2SanPVuoXEMNiXaAyHrZR&share_uid=MS4wLjABAAAAeaP_96sZCjs_4f4XVzTWov583E9fxyMHdRI5f3lwb_4&timestamp=1779956329&tt_from=wechat&upstream_biz=Android_wechat&utm_campaign=client_share&utm_medium=toutiao_android&utm_source=wechat&share_token=20632971-7540-45ae-9ef4-5f2c2afb202b,,,未提取来源信息,4523,2026-05-30 04:04:57
DeepSeek发布R1-0528：成本低至GPT-5.5的1/12，支持百万Token长文本推理 - 今日头条,,,https://m.toutiao.com/ai_subscribe/7644770454330229263/?app=news_article&category_new=__all__&module_name=Android_tt_others&share_did=MS4wLjACAAAA4mcOrg0mdQmljS_V6DhjoQg_bjbfvZXNwntAtrOZ9BM2SanPVuoXEMNiXaAyHrZR&share_uid=MS4wLjABAAAAeaP_96sZCjs_4f4XVzTWov583E9fxyMHdRI5f3lwb_4&timestamp=1780006762&tt_from=wechat&upstream_biz=Android_wechat&utm_campaign=client_share&utm_medium=toutiao_android&utm_source=wechat&share_token=08eba34b-b4c5-4697-b508-e6742f82b24a,,,未提取来源信息,4541,2026-05-30 04:04:57
非哥工具箱 - AI工具、效率软件与素材资源库,,,https://www.feige177.com/,,,未提取来源信息,4567,2026-05-31 11:25:28
非哥工具箱 - AI工具、效率软件与素材资源库,,,https://www.feige177.com/,,,未提取来源信息,4568,2026-05-31 11:25:28
马斯克xAI发布Grok Build：定价99美元/月是Copilot9倍，靠多智能体协作突围 - 今日头条,,,https://m.toutiao.com/ai_subscribe/7644638606694351423/?app=news_article&category_new=__all__&module_name=Android_tt_others&share_did=MS4wLjACAAAA4mcOrg0mdQmljS_V6DhjoQg_bjbfvZXNwntAtrOZ9BM2SanPVuoXEMNiXaAyHrZR&share_uid=MS4wLjABAAAAeaP_96sZCjs_4f4XVzTWov583E9fxyMHdRI5f3lwb_4&timestamp=1780136612&tt_from=wechat&upstream_biz=Android_wechat&utm_campaign=client_share&utm_medium=toutiao_android&utm_source=wechat&share_token=16514871-97a4-4f3e-b6a5-5d90f0b782cb,,,未提取来源信息,4570,2026-05-31 11:25:28
,,,https://mp.weixin.qq.com/s/Eoav-226vMcfaZVf3D8plg,微信X失效,,未提取日期,4600,2026-06-03 14:05:12
始智AI-wisemodel-All-for-Agent平台,,,https://www.wisemodel.cn/post/P20260601201304Y2Bj04,,,未提取来源信息,4605,2026-06-03 14:05:12
,,,https://mp.weixin.qq.com/s/bXCOGgDvRA_3MKwwuO5zsA,微信X失效,,未提取日期,4658,2026-06-06 16:43:01
字节跳动Trae：2026年以41.2%市占率成国内AI编程市场霸主 - 今日头条,,,https://m.toutiao.com/ai_subscribe/7646968357916344858/?app=news_article&category_new=__all__&module_name=Android_tt_others&share_did=MS4wLjACAAAA4mcOrg0mdQmljS_V6DhjoQg_bjbfvZXNwntAtrOZ9BM2SanPVuoXEMNiXaAyHrZR&share_uid=MS4wLjABAAAAeaP_96sZCjs_4f4XVzTWov583E9fxyMHdRI5f3lwb_4&timestamp=1780729642&tt_from=wechat&upstream_biz=Android_wechat&utm_campaign=client_share&utm_medium=toutiao_android&utm_source=wechat&share_token=2f42e19a-413d-48e7-a742-eef80c394194,,,未提取来源信息,4688,2026-06-06 16:43:01
,,,https://mp.weixin.qq.com/s/U7ADE2LY6QDtmcIu6mFWqA,微信X失效,,未提取日期,4697,2026-06-07 16:37:52
资本·游戏 | 机核 GCORES,,,https://www.gcores.com/albums/136?utm_campaign=share&utm_medium=social&utm_source=wechat_session,,,未提取来源信息,4707,2026-06-07 16:37:52
始智AI-wisemodel-All-for-Agent平台,,,https://www.wisemodel.cn/post/P20260607173954JqHAQf,,,未提取来源信息,4722,2026-06-08 15:40:20
,,,https://mp.weixin.qq.com/s/ct4lN6nf5_a-pGytVl1iFg,微信X失效,,未提取日期,4751,2026-06-10 21:55:12
百度文心一言：用户月活腰斩至500万，却靠B端生态服务46万企业 - 今日头条,,,https://m.toutiao.com/ai_subscribe/7648181931619713599/?app=news_article&category_new=__all__&module_name=Android_tt_others&share_did=MS4wLjACAAAA4mcOrg0mdQmljS_V6DhjoQg_bjbfvZXNwntAtrOZ9BM2SanPVuoXEMNiXaAyHrZR&share_uid=MS4wLjABAAAAeaP_96sZCjs_4f4XVzTWov583E9fxyMHdRI5f3lwb_4&timestamp=1781017375&tt_from=wechat&upstream_biz=Android_wechat&utm_campaign=client_share&utm_medium=toutiao_android&utm_source=wechat&share_token=73dce684-b72c-4c8d-be38-ea314f04e30d,,,未提取来源信息,4765,2026-06-10 21:55:12
,,,https://mp.weixin.qq.com/s/sZXl5kHA9LErEwnegpvgXg?click_id=837117165&from=groupmessage&scene=1&subscene=10000&sessionid=1781197896&clicktime=1781231951&enterid=1781231951&ascene=1&fasttmpl_type=0&fasttmpl_fullversion=8297480-zh_CN-zip&fasttmpl_flag=0&realreporttime=1781231951794,微信X失效,,未提取日期,4825,2026-06-12 23:31:46
