标题,日期,星期,链接,来源,标记,失败原因,消息序号,记录时间
Claude design 连夜突袭设计圈！一句话生成 UI，搞崩 Figma、Adobe 市值,20260419,周日,https://mp.weixin.qq.com/s/SpjewJogJIHFrnIPmmSRhA,微信-AI星踪岛 星探,,Forbidden (code: 91403),3686,2026/04/23 20:22
万字保姆级教程：Hermes+Kimi K2.6 打造7x24h Agent军团,20260421,周二,https://mp.weixin.qq.com/s/x_Jtmk4-ThuNtZTGqJqncQ,微信-苍何,,Forbidden (code: 91403),3683,2026/04/23 20:22
断层领先！OpenAI最强绘图模型ChatGPT Images 2.0来了,20260423,周四,https://mp.weixin.qq.com/s/ayCqAlXSR8oSHEKn-F5ygQ,微信-算泥,,Forbidden (code: 91403),3675,2026/04/23 20:22
Agent\TPU\生态\安全\开放，Google Cloud到底在bet什么？-Google Cloud Next速记,20260423,周四,https://www.xiaoyuzhoufm.com/episode/69e9b86a1e94ae6921f519d1,小宇宙OT,,Forbidden (code: 91403),3676,2026/04/23 20:22
SK海力士财报透视AI内存：AI迈入推理和代理阶段，高性能内存需求激增，内存价格上涨周期可能比以往更长！,20260423,周四,https://mp.weixin.qq.com/s/eIL-h2DC4U93fdPtrUP9gA,微信-王铮Silvia,,Forbidden (code: 91403),3677,2026/04/23 20:22
都说AI要革设计师的命，我却靠它多接了一倍的单,20260423,周四,https://mp.weixin.qq.com/s/Jw1pw1Bq8n0_4CzsSzt_3Q,微信-AI变革,,Forbidden (code: 91403),3678,2026/04/23 20:22
Lovart上线Image 2！全场景深度测评：这就是AI的文艺复兴时刻啊！,20260423,周四,https://mp.weixin.qq.com/s/JcJ3ZixwmeHCYwbyZFawHA,微信-AIGC创意猎人,,Forbidden (code: 91403),3679,2026/04/23 20:22
《医疗机器人与人工智能研讨会：科研与技术》,20260423,周四,https://mp.weixin.qq.com/s/n1DFBFSF4t4zBGJC3XK3iw,微信-数字医疗,,Forbidden (code: 91403),3680,2026/04/23 20:22
全院7万多台设备怎么管？北医三院打造智慧医工管理新范式,20260423,周四,https://mp.weixin.qq.com/s/htdg7lZXYgH3ab4UtfUiaw,微信-HIT专家网官微,,Forbidden (code: 91403),3681,2026/04/23 20:22
Xiaomi MiMo-V2.5 系列大模型开启公测,20260423,周四,https://mp.weixin.qq.com/s/ikHvKgVeLILebVMWeF1amQ,微信-Xiaomi MiMo,,Forbidden (code: 91403),3682,2026/04/23 20:22
GPT-Image-2 之后，任何人都能让马斯克站台,20260423,周四,https://mp.weixin.qq.com/s/D-BYh_wJ3X5ci-59xPBh1w,微信-九思D9,,Forbidden (code: 91403),3684,2026/04/23 20:22
半壁华人！GPT Image 2团队曝光：无锡才俊带队，13人4个月封神,20260423,周四,https://m.toutiao.com/article/7631753105096425984,头条OT,,Forbidden (code: 91403),3685,2026/04/23 20:22
模式与野心：张一鸣创业史及其启示,20260423,周四,https://mp.weixin.qq.com/s/y0U8pkDmlm0StaL2HBHgig,微信-元宇财侠,,Forbidden (code: 91403),272,2026/04/23 20:23
我也不是「知识库」信徒，但 Karpathy 的「AI 知识库」真的值得一试,20260420,周一,https://mp.weixin.qq.com/s/HGffY4Jlnr22vsAEJ3mIaQ,微信-Evelyn Ke,,Forbidden (code: 91403),3689,2026/04/24 01:26
字节跳动发布3D生成大模型Seed3D 2.0,20260423,周四,https://m.toutiao.com/article/7631814382514618920,头条OT,,Forbidden (code: 91403),3687,2026/04/24 01:26
GPT image 2 + Codex 强强联合：一键搭建高端网站！这个 Taste-Skill 项目太强了,20260430,周四,https://mp.weixin.qq.com/s/ULYI_maFBCpcWrXkE4DD8Q,微信-AI煮代码汤,,InternalError (code: 1255001),4014,2026/05/06 03:52
打造Claude Code的宝藏经验！提示缓存就是一切,20260504,周一,https://mp.weixin.qq.com/s/ie07cgZPB7lt8oUX7umE4A,微信-算泥,,InternalError (code: 1255001),4004,2026/05/06 03:52
《临床AI评估的个案标准：方法论、验证及基于823次诊疗的大语言模型-临床医生一致性研究》,20260505,周二,https://mp.weixin.qq.com/s/QB52r17JjR0s95HGA-rjsQ,微信-数字医疗,,InternalError (code: 1255001),3999,2026/05/06 03:52
从Claude封禁中国用户到中国叫停Manus收购，透视人工智能全球竞争格局与未来演进趋势,20260505,周二,https://mp.weixin.qq.com/s/zm-dCOgfkk4pbQuqKe4Uog,微信-勇说数智,,InternalError (code: 1255001),4005,2026/05/06 03:52
TRAE SOLO 移动端上线！我们请你喝星巴克,20260505,周二,https://mp.weixin.qq.com/s/g0hMDh5PPQWbp_HmXePi0A,微信-TRAE.ai,,InternalError (code: 1255001),4010,2026/05/06 03:52
Palantir财报透视政企AI：营收同比增长85%创上市以来最高增速，“40法则”攀升至145%，美国所有产生成效的AI案例都经过“Palantir化”！,20260505,周二,https://mp.weixin.qq.com/s/T_8Av4BCgx-37Ir-gy8EMA,微信-王铮Silvia,,InternalError (code: 1255001),4012,2026/05/06 03:52
DeepSeek 版Claude Code，免费小白安装教程来了！,20260505,周二,https://mp.weixin.qq.com/s/1gZtPajAzHSv6IvZkSDGMQ,微信-Datawhale,,InternalError (code: 1255001),4016,2026/05/06 03:52
宾大：有限元思想革新物理神经网络，软子层在PDE逆问题学习中实现高效的高阶导数计算,20260505,周二,https://mp.weixin.qq.com/s/btteWXSzVsQ097Hfe_Rfrw,微信-清熙,,InternalError (code: 1255001),4019,2026/05/06 03:52
