标题,日期,星期,链接,来源,标记,消息序号,记录时间
,,,https://www.zhihu.com/question/2005725246167147371,APP-知乎,,271,2026/2/15 1:13
让 OpenClaw 一键超简单部署，用 MonsterClaw 过年赚大钱,20260214,周六,https://mp.weixin.qq.com/s/9nzkRanqYEtWAE_10gh7gQ,微信-特工宇宙,,279,2026/2/15 1:13
"情人节用AI给老公写首歌：我的第一次""浪漫反击战""全记录",20260214,周六,https://mp.weixin.qq.com/s/oWdADMRN7JEpzt4Uq-rGCA,微信-智能共情体,,280,2026/2/15 1:13
性压抑的年轻人，开始和AI「做爱」丨2026人机恋报告,20260214,周六,https://mp.weixin.qq.com/s/tFbtJ83zWxlJ6tUPlzTABg,微信-后浪研究所,,281,2026/2/15 1:13
阿里版OpenClaw来了！三行代码就能部署，飞书QQ钉钉全打通,20260214,周六,https://mp.weixin.qq.com/s/pPnJLmZFXLcdEKsPlqCiwg,微信-智东西,,282,2026/2/15 1:13
观猹丨玩 AI，上观猹！,,,https://watcha.cn/products/monster-claw,Web-观猹,,283,2026/2/15 1:55
观猹丨玩 AI，上观猹！,,,https://watcha.cn/products/raycast-ai,Web-观猹,,283,2026/2/15 1:55
观猹丨玩 AI，上观猹！,,,https://watcha.cn/products/teamily,Web-观猹,,283,2026/2/15 1:55
观猹丨玩 AI，上观猹！,,,https://watcha.cn/products/team9,Web-观猹,,283,2026/2/15 1:55
观猹丨玩 AI，上观猹！,,,https://watcha.cn/products/nowmee,Web-观猹,,283,2026/2/15 1:55
对话 Elys 创始人：他的 10 个产品洞察，和他想创造的下一代社交网络,20260215,周日,https://mp.weixin.qq.com/s/MDPdDbOWe7RK-mxVvFoKeQ,微信-Founder Park,,293,2026/2/18 5:15
对话 Elys 创始人：他的 10 个产品洞察，和他想创造的下一代社交网络,20260215,周日,https://mp.weixin.qq.com/s/MDPdDbOWe7RK-mxVvFoKeQ,微信-Founder Park,,294,2026/2/18 5:15
扣子编程悄悄上线豆包2.0，这才是OpenClaw省钱的正确方式,20260215,周日,https://mp.weixin.qq.com/s/hsdLYJHv0JNeNcxL6LRNQA,微信-卡尔的AI沃茨,,296,2026/2/18 5:15
刚刚，OpenClaw 被 OpenAI 收编！,20260216,周一,https://mp.weixin.qq.com/s/wzB5Lxgg8o8ut9MX6oo2qg,微信-特工宇宙,,304,2026/2/18 5:15
创业半年，我用5个AI Agent替代了一个团队,20260217,周二,https://mp.weixin.qq.com/s/Y_G6t_azq8xsd1Ez6pfEPw,微信-孟健AI编程,,314,2026/2/18 5:15
《AI驱动的物联网在智慧医疗系统中的集成：增强患者诊疗与临床决策支持的综合框架》,20260217,周二,https://mp.weixin.qq.com/s/CffTVDpRVkl7cWyReQo-Nw,微信-数字医疗,,315,2026/2/18 5:15
"豆包大模型2.0+Claude Skills，3步装好，终于有AI能帮我""看视频做笔记""了！火山引擎全系列可用！",20260215,周日,https://mp.weixin.qq.com/s/8pVFZQ-NOJKkYtPx7j3IiA,微信-AI产品自由,,340,2026/2/18 5:15
OpenClaw，给新人的几个超实用小技巧（可能大部分人都会踩的坑）,20260213,周五,https://mp.weixin.qq.com/s/tAEyJ5x0PhXo39lukJHcJg,微信-骁哥AI编程,,352,2026/2/18 6:24
爆火的 OpenClaw，正在重新定价所有 AI 创业赛道,20260213,周五,https://mp.weixin.qq.com/s/uNBXFx4uDNkyK-ZQjQrYaA,微信-极客公园,,356,2026/2/18 15:53
OpenClaw 塌房了,20260218,周三,https://mp.weixin.qq.com/s/3hrVcNWPR25VjhfMJbTuNw,微信-特工宇宙,,371,2026/2/20 1:24
Gemini 3.1 Pro 发布,20260220,周五,https://mp.weixin.qq.com/s/U1iNgrZr9tgM1nv_tO_Gdg,微信-赛博禅心,,438,2026/2/21 0:57
一个中国团队是如何给 AI 造 DNA 的？,20260220,周五,https://mp.weixin.qq.com/s/1FH0Z2obQH96XWfZ50OaPw,微信-空格的键盘,,440,2026/2/21 0:57
开年重磅万字长文范式复盘：我们身在AI奇点之中,20260222,周日,https://mp.weixin.qq.com/s/RzMtSzpEuUWVY5iX-sUZQA,微信-AIGC从0到1,,473,2026/2/24 10:40
Openclaw+飞书，我搓了个懒人友好的健康管家,20260220,周五,https://mp.weixin.qq.com/s/x8C9hX2dYadnbrwg32XuiQ,微信-预集成,,474,2026/2/24 10:40
AI时代，一人公司别做“超级个体”，要做“超级接口”,20260218,周三,https://mp.weixin.qq.com/s/ziBOkMvTjfxigyzUHejxsw,微信-肥牛说财,,477,2026/2/24 10:40
1.5万字！2026年45个【AI+营销】主流产品全貌,20260209,周一,https://mp.weixin.qq.com/s/Sz1qtPDfPmfz8QIk2hZe_w,微信-TopMarketing,,478,2026/2/24 10:40
春节6天，我找到了各个领域最强的大模型。,20260222,周日,https://mp.weixin.qq.com/s/cVn-1MXQnhlFmhiMtVWi9A,微信-数字生命卡兹克,,479,2026/2/24 10:40
剧变已经发生，而你浑然不知,20260222,周日,https://mp.weixin.qq.com/s/ZMVBpxHIREklsOORPyNDXA,微信-张无常,,485,2026/2/24 10:40
从飞书到钉钉，深度迁移评测：我需要的不是AI功能，是AI原生环境,20260222,周日,https://mp.weixin.qq.com/s/TkGLuJ31ztScbJ4wO87RvQ,微信-AI变革,,503,2026/2/24 10:40
[转载]个人业务Agent升级指南,20260223,周一,https://mp.weixin.qq.com/s/igvh3ouwUuD9qDbJxkkcBQ,微信-五里长亭,,577,2026/2/24 10:40
Anthropic最新报告，揭示了300个独角兽的创业机会！YC CEO力挺,20260223,周一,https://mp.weixin.qq.com/s/MSUgMz9Ns2dXYXF5N9zy0A,微信-新智元,,578,2026/2/24 10:40
AI时代，一人公司别做“超级个体”，要做“超级接口”,20260218,周三,https://mp.weixin.qq.com/s/ziBOkMvTjfxigyzUHejxsw,微信-肥牛说财,Pin,586,2026/2/24 11:03
春节7天，我彻底重构了用AI获取一手信息的工作流,20260223,周一,https://mp.weixin.qq.com/s/0Su-vP1XZ6CSOS7xLvD_dg,微信-卡尔的AI沃茨,,588,2026/2/24 11:03
《人工智能在远程患者监测中的应用：技术与实践》,20260224,周二,https://mp.weixin.qq.com/s/8kVT221TZtW1EJ_Etr0PQA,微信-数字医疗,,597,2026-02-26 03:14:52
全网2500万曝光 Seedance AI视频，我如何做的？,20260215,周日,https://mp.weixin.qq.com/s/WiZ8glF1_DJvn3KeHPaEAQ,微信-多睡觉多学习就好咯,Pin,614,2026-02-26 03:14:52
《AI奇点》5万阅读后：你靠什么赚钱？AI认真颠覆,20260224,周二,https://mp.weixin.qq.com/s/nJbjEqwzuSCx-s9Yh-br3w,微信-AIGC从0到1,,618,2026-02-26 03:14:52
龙虾实际产品形态预测——龙虾生态创业者必读系列,20260225,周三,https://mp.weixin.qq.com/s/qtgASw0oyrTx3w-paBBWtg,微信-郎瀚威 Will,,660,2026-02-26 03:58:35
Will's AI数据 Openclaw生态排行榜 2026年02月,20260214,周六,https://mp.weixin.qq.com/s/qbPKhirrr2QYPs31GCAQ6Q,微信-郎瀚威 Will,,669,2026-02-26 03:58:35
AI让“知道”贬值，稀缺的是“能在任意认知层级架桥”的人,20260225,周三,https://mp.weixin.qq.com/s/jC7y-JUqJyUJ-8-7u9pUsg,微信-AIGC从0到1,,670,2026-02-26 03:58:35
小红书图像编辑模型开源，媲美NanoBanana Pro,20260224,周二,https://mp.weixin.qq.com/s/hPwDeNxHslJpDrUVILaUcg,微信-算泥,,683,2026-02-26 03:58:35
成功率飙升16%，首个SkillsBench告诉你如何用好Skills,20260226,周四,https://mp.weixin.qq.com/s/t9zPHPZpYEmOSepnc7pgog,微信-算泥,,688,2026-03-01 01:33:22
彻底急眼了！为围剿中国AI，硅谷竟然沦落到向国会哭诉,20260226,周四,https://mp.weixin.qq.com/s/q7ZheqnA_03V4zT8pzp34w,微信-AI进击之旅,,690,2026-03-01 01:33:22
Claude Code更新，你终于可以随时随地在手机上Vibe Coding了。,20260226,周四,https://mp.weixin.qq.com/s/vIWtXMH5b_A5g3FaxUsFHg,微信-数字生命卡兹克,,699,2026-03-01 01:33:22
Seedance2.0又新出了9种神级商用玩法，变身骑士已经落后N个版本了,20260226,周四,https://mp.weixin.qq.com/s/d2YgM-7vVMQaRP67MtZVdQ,微信-卡尔的AI沃茨,,701,2026-03-01 01:33:22
英伟达财报透视Token经济：在AI新世界，计算等同于收入，Agentic AI拐点已至，下一个浪潮是物理AI，共同驱动计算需求指数级爆炸！,20260226,周四,https://mp.weixin.qq.com/s/ilYFGW9Ahqqn909ZS6YyWg,微信-王铮Silvia,,703,2026-03-01 01:33:22
DAU已死，TPD永生,20260222,周日,https://mp.weixin.qq.com/s/xVVkNS3d0cU_W3dM937zhA,微信-版面之外,,705,2026-03-01 01:33:22
王继伟：医疗信创进入破局深水区,20260226,周四,https://mp.weixin.qq.com/s/O_xzIg0HoZlUNGpwGD0PMg,微信-HIT专家网官微,,708,2026-03-01 01:33:22
《人格提示改变大语言模型的临床行动阈值》,20260226,周四,https://mp.weixin.qq.com/s/KyAqr-MlVpe7Bo0zoeJP0A,微信-数字医疗,,709,2026-03-01 01:33:22
Anthropic 向全世界证明：他们正在监控 Claude 与用户的隐私对话,20260226,周四,https://mp.weixin.qq.com/s/UAj6MHX_5vAzb1cRt2V9Ow,微信-AI产品分析,,711,2026-03-01 01:33:22
GLM-5：迈向从Vibe Coding到Agentic Engineering的开源工业化进程,20260226,周四,https://mp.weixin.qq.com/s/39rrGnJkAD9wUGhb34EXog,微信-塔罗烩,,713,2026-03-01 01:33:22
AI 越成功，你越可能先变穷：一个 2028 年的鬼故事,20260226,周四,https://mp.weixin.qq.com/s/Hr565Lopv7ClQxOSrN3yHg,微信-和解AIAgent,,716,2026-03-01 01:33:22
阿里出手，最强Coding Plan出炉，OpenClaw可以痛快玩了,20260226,周四,https://mp.weixin.qq.com/s/GCZhS30uOYT-vvcLuIsXrQ,微信-苍何,,718,2026-03-01 01:33:22
"DeepSeek被指控""偷""了美国最强AI——72小时里藏着三条没人串起来的线",20260226,周四,https://mp.weixin.qq.com/s/VgLg9UqRuVpks9L5C5Tt7g,微信-降临派手记,,720,2026-03-01 01:33:22
AI 越成功，你越可能先变穷：一个 2028 年的鬼故事,20260226,周四,https://mp.weixin.qq.com/s/Hr565Lopv7ClQxOSrN3yHg,微信-和解AIAgent,,722,2026-03-01 01:33:22
中美AI之间的蒸馏，要撕破了,20260224,周二,https://mp.weixin.qq.com/s/W2uv9PcS70tp7ATNAr09Sg,微信-未尽研究,,724,2026-03-01 01:33:22
离谱！元宝AI除夕夜辱骂用户，官方回应,20260225,周三,https://mp.weixin.qq.com/s/549ASYsLnbMxBjcsXI57GA,微信-鞭牛士,,726,2026-03-01 01:33:22
OpenClaw 是一个信号｜2026 Long-Horizon Agent 投资地图,20260226,周四,https://mp.weixin.qq.com/s/EDJRZQLdNRs-gKzWFWigTQ,微信-海外独角兽,,750,2026-03-01 01:33:22
14亿留不住庞若鸣，扎克伯格怎么了？,20260227,周五,https://mp.weixin.qq.com/s/iuImbTXe2xjZR09FfHZR3A,微信-腾讯科技,,765,2026-03-01 01:33:22
实测Nano Banana 2，这次香蕉可算掌握4K多图片多尺寸了,20260227,周五,https://mp.weixin.qq.com/s/Tso_TIZugYMJ5KkPGCoS8Q,微信-卡尔的AI沃茨,,769,2026-03-01 01:33:22
百度去年总营收1291亿元，四季度AI业务收入占比四成,20260226,周四,https://m.toutiao.com/article/7611154290761187846/,头条OT,,771,2026-03-01 01:33:22
2028年全球智能危机：1600万阅读，这份推演未来的虚拟报告引发华尔街巨震,20260227,周五,https://mp.weixin.qq.com/s/viz_m3F8kexo5Yml3YlXgA,微信-王吉伟,,772,2026-03-01 01:33:22
一图顶10页PPT，8套高密度信息大图提示词开源,20260226,周四,https://mp.weixin.qq.com/s/BxPbfszjaTVllJPz2uf5Pw,微信-通往AGI之路,,775,2026-03-01 01:33:22
震惊！普通人靠 AI 两年赚百万美金，我扒出了他们的 30 条赚钱秘密（建议收藏）,20260227,周五,https://mp.weixin.qq.com/s/DFVoETFYF02WA6bKHUUGlA,微信-AI创破局,,784,2026-03-01 01:33:22
,,,https://mp.weixin.qq.com/s,微信,,787,2026-03-01 01:33:22
Nano Banana 2对决Pro纯享版，我跑完了20个真实案例和提示语！,20260228,周六,https://mp.weixin.qq.com/s/AQICxmMU-WugCkXLGaRxXw,微信-卡尔的AI沃茨,,819,2026-03-01 01:33:22
效率革命！成本减半、速度翻倍，新王Nano Banana2在Lovart登基!,20260227,周五,https://mp.weixin.qq.com/s/Q6DMNf-aIXmRKLCr_NH8Zg,微信-AI变革,,844,2026-03-02 18:11:46
未来1500天，影视行业的钱会被这1%的人赚走？,20260227,周五,https://mp.weixin.qq.com/s/ijZyuHyubiX7Dp1tJrxZOw,微信-36氪,,847,2026-03-02 18:11:46
硅谷正在给 Agent 发三件套：银行卡、工牌和行车记录仪（交易×授权×审计），或许是下一波 AI 爆发点,20260223,周一,https://mp.weixin.qq.com/s/1LDN2OCubfYD9y8m9jH1Yw,微信-硅基杠杆 OS,,857,2026-03-02 18:11:46
OpenClaw 省钱指南：从月烧到月花10 的完整攻略,20260226,周四,https://mp.weixin.qq.com/s/Q1UsavCLoSlNy6FF_MbDig,微信-i 小声读书,,864,2026-03-02 18:11:46
,,,https://mp.weixin.qq.com/s,微信,,866,2026-03-02 18:11:46
,,,https://mp.weixin.qq.com/s,微信,,869,2026-03-02 18:11:46
《人工智能在医疗保健与生命科学领域的应用现状及2026年趋势》,20260302,周一,https://mp.weixin.qq.com/s/jXbYZ9bQXx1DZvwgc-BT_g,微信-数字医疗,,893,2026-03-02 18:11:46
Agent接管行动权，商业和人的价值正在重写,20260228,周六,https://mp.weixin.qq.com/s/6k61VZ2XkhFG9mh2d7Q3NQ,微信-AGI接口,,897,2026-03-02 18:11:46
知识星球 | 深度连接铁杆粉丝，运营高品质社群，知识变现的工具,,,https://articles.zsxq.com/id_3qlvc836c2kx.html,,,917,2026-03-03 17:30:07
人类最后考试登上Nature：全球50个国家近千名顶尖学者打造的AI测试集,20260303,周二,https://mp.weixin.qq.com/s/467O5f307PqH-zXql7IBdg,微信-算泥,,962,2026-03-03 17:30:07
Claude全球宕机，机房爆炸！美财政部全面停用，恐遭英伟达断供,20260303,周二,https://mp.weixin.qq.com/s/5tbEgxZ7iiW243yYRaJMhw,微信-新智元,,985,2026-03-03 17:36:56
高级OpenClaw第一步！先用12个Skills把联网搜索做到极致,20260303,周二,https://mp.weixin.qq.com/s/8HI7nVi_wOVGS8L4zQEIQQ,微信-卡尔的AI沃茨,,995,2026-03-03 23:50:26
扣子 X OpenClaw高玩集结！全网超人气博主，直播带你养虾！,20260303,周二,https://mp.weixin.qq.com/s/rOlITJ54hpF2XYFSTB4UOQ,微信-扣子Coze,,1012,2026-03-04 22:23:15
Claude Code + 开源工具的暴力工作流，下次直接躺赢,20260303,周二,https://mp.weixin.qq.com/s/CCgR1n_G_nl1qOV3dUxD0g,微信-夕小瑶科技说,,1018,2026-03-04 22:23:15
马斯克都惊呼太强！阿里Qwen3.5又一波端侧小模型发布,20260304,周三,https://mp.weixin.qq.com/s/DofmiMJ23rkRLasN-QX5jA,微信-算泥,,1025,2026-03-04 22:23:15
龙虾生态观察V3：Team功能即将爆发，飞书是国内市场最大赢家,20260303,周二,https://mp.weixin.qq.com/s/vlsW8KruG42MfZEDPEWo3A,微信-郎瀚威 Will,,1032,2026-03-04 22:23:15
0-1建AI原生应用，已验证的12条成功规律,20260131,周六,https://mp.weixin.qq.com/s/Eb2jO-eROScLz6Yy-zbxLw,微信-智能实践,,1048,2026-03-04 22:23:15
程益中｜论寻衅滋事与非法经营,20260204,周三,https://mp.weixin.qq.com/s/xdSXoStsez7ls5PAtJWw9g,微信-新新新默存,,9,2026-03-04 23:51:40
硅谷全面“龙虾化”！Anthropic微软Meta和Notion等集体交卷自己的Claw,20260302,周一,https://mp.weixin.qq.com/s/bW8eAUWp4QNkzFpxdtBEig,微信-DataFunTalk,,28,2026-03-04 23:51:40
让 OpenClaw 接管你的主力浏览器：保留登录状态的完整方案,20260226,周四,https://mp.weixin.qq.com/s/5HXiV2v-9v4P3MTr4v7Bdw,微信-指尖攻防,,1081,2026-03-05 05:27:23
用OpenClaw搭跨境电商团队：5个AI员工，跑通全平台矩阵！,20260302,周一,https://mp.weixin.qq.com/s/YmqaoLZlu6_faB_pWwoRWw,微信-饼干哥哥AGI,,1081,2026-03-05 05:27:23
智谱AI龙虾派对：OpenClaw与虾聊的「范式变革」与「未来洞察」 | 虾聊 ClawdChat,20260227,周五,https://clawdchat.cn/post/3cc1f796-d222-4d5f-af77-5d7d8481d3d5,Web_OT,,1085,2026-03-05 06:46:38
卢诗翰的动态 - 哔哩哔哩,,,https://m.bilibili.com/opus/1168509762053079064,APP-哔哩哔哩,,1085,2026-03-05 06:46:38
 即梦 Seedance 2.0 使用手册（全新多模态创作体验）,20260205,周四,https://bytedance.larkoffice.com/wiki/A5RHwWhoBiOnjukIIw6cu5ybnXQ,飞书OT分享,,1085,2026-03-05 06:46:38
From Entropy to Epiplexity: Rethinking Information for Computationally Bounded Intelligence,20260106,周二,https://arxiv.org/abs/2601.03220,Web-arxiv,,1085,2026-03-05 06:46:38
OpenClaw创始人Peter Steinberger加入OpenAI报告 - Dobby.now,,,https://dobby.now/community/view/c1cd69d3-5fc9-46b2-834e-d33b208d7e6a,Web_OT,,1085,2026-03-05 06:46:38
Claude AI 在 Operation Epic Fury 中的角色 | 深度报告 - Dobby.now,,,https://dobby.now/community/view/e93b8d94-7661-408f-ad6e-18b604483cff,Web_OT,,1085,2026-03-05 06:46:38
可能是AI行业影响极大的一个新闻，甚至可能不止AI行业,20260212,周四,https://m.bilibili.com/opus/1168509762053079064,APP-哔哩哔哩,,1087,2026-03-05 07:06:56
OpenClaw高级使用经验之如何调用Claude Code最省Token！2026年最强生产力！Claude Code Hooks回调+Agent Teams实现全自动开发零轮询方案详解！效率神器 - YouTube,,,https://m.youtube.com/watch?v=iJEfIc1mrsc,Web-Youtube,,1087,2026-03-05 07:06:56
OpenClaw创始人Peter Steinberger加入OpenAI报告 - Dobby.now,,,https://dobby.now/community/view/c1cd69d3-5fc9-46b2-834e-d33b208d7e6a,Web_OT,,1087,2026-03-05 07:06:56
Claude AI 在 Operation Epic Fury 中的角色 | 深度报告 - Dobby.now,,,https://dobby.now/community/view/e93b8d94-7661-408f-ad6e-18b604483cff,Web_OT,,1087,2026-03-05 07:06:56
,,,https://cs.cloud.tencent.com/workbench/?cid=ww48dc9b0429412b39&type=posterShare&id=2028379247501197313,Web_OT,,1087,2026-03-05 07:06:56
,,,https://cs.cloud.tencent.com/workbench/material/marketing/poster-share/ww48dc9b0429412b39?cid=ww48dc9b0429412b39&type=posterShare&id=2028379247501197313,Web_OT,,1087,2026-03-05 07:06:56
手机要大变样了！中国AI在MWC 26卷起来了,20260305,周四,https://mp.weixin.qq.com/s/cfwJWMwtCIudtiPVu7O-yg,微信-IT时报,,1110,2026-03-05 19:06:26
马斯克频繁为中国AI站台，真相被忽略了,20260304,周三,https://mp.weixin.qq.com/s/TnnGpPIJTDTG8-1TOt_Inw,微信-版面之外,,1132,2026-03-06 19:53:36
用上新的GPT5.4和GPT-5.4 Pro了，Claude Max要不退我点钱吧。,20260306,周五,https://mp.weixin.qq.com/s/V50mdlJXOge5Iz_v-qGNPw,微信-卡尔的AI沃茨,,1149,2026-03-06 19:53:36
张一鸣，中国首富,20260305,周四,https://mp.weixin.qq.com/s/BJXgHfYOGaYBkBumhMKt3g,微信-澎湃新闻,,52,2026-03-06 19:56:02
郑栅洁：“十五五”末人工智能相关产业规模将增长到10万亿元以上,20260306,周五,https://mp.weixin.qq.com/s/8-dHZl-dz1HMPpPsuS9dQw,微信-财联社,,1240,2026-03-07 05:15:57
考倒大模型合集(上)：春晚之外，AI 尚不能解决的那些问题,20260219,周四,https://mp.weixin.qq.com/s/NPWXKdkEO1lgByS-1wzeNw,微信-知乎AI先行者,,1241,2026-03-07 05:15:57
AI 还没学会，如何徒手画一匹马,20260223,周一,https://mp.weixin.qq.com/s/fVcBkC1gXuOaOKsgR45CBQ,微信-知乎AI先行者,,1243,2026-03-07 05:15:57
豆包和夸克为我的核磁报告吵了一晚,20260226,周四,https://mp.weixin.qq.com/s/7GBznWxw7DY7MdUcKGQDWw,微信-知乎AI先行者,,1244,2026-03-07 05:15:57
今日头条,,,https://m.toutiao.com/article/7613342588384412195/,头条OT,,1260,2026-03-07 05:15:57
《2026年医疗若干趋势：有效应用人工智能的战略要务》,20260307,周六,https://mp.weixin.qq.com/s/qgDWJWgDeqU6ZBpw7vDOTQ,微信-数字医疗,,1284,2026-03-08 00:01:04
华人AI专家被Meta从苹果挖走，只呆7个月，2亿又被OpenAI挖走,20260306,周五,https://mp.weixin.qq.com/s/0lzBnLjIxoJfUNPu4JLgVw,微信-AI变革,,1288,2026-03-08 00:01:04
OpenClaw 生态正在疯长，我们拆解了 PH 上 40 多款相关产品,20260308,周日,https://mp.weixin.qq.com/s/YTOXjEGX8Sliyx9T5qGr_w,微信-Founder Park,,1321,2026-03-09 04:16:05
OpenClaw 生态正在疯长，我们拆解了 PH 上 40 多款相关产品,20260308,周日,https://mp.weixin.qq.com/s/YTOXjEGX8Sliyx9T5qGr_w,微信-Founder Park,,1323,2026-03-09 04:16:05
Agent支付的协议战争：谁来定义Agent基础设施（万字）,20260309,周一,https://mp.weixin.qq.com/s/WNbEGrozJwyn4DkF_V5tdw,微信-AIGC从0到1,,1343,2026-03-09 04:16:05
《医学可解释性与大语言模型知识图谱》,20260308,周日,https://mp.weixin.qq.com/s/gVk14gmRIVd8RmhQtqZGcA,微信-数字医疗,,1346,2026-03-09 18:45:19
傅盛下播躺床上，让我和他的龙虾谈——6小时后网页上线了,20260306,周五,https://mp.weixin.qq.com/s/eaM7_lnAETkNCIwNB4Qdew,微信-郎瀚威 Will,,1351,2026-03-09 18:45:19
"微信直接操作OpenClaw,实测腾讯亲儿子QClaw，一键本地部署启动",20260309,周一,https://mp.weixin.qq.com/s/vyabrIUPyDsvXVLHi1vevA,微信-摸鱼小李,,1374,2026-03-09 18:45:19
AI首先会抢掉谁的饭碗，哪些行业还有一线生机？,20260309,周一,https://mp.weixin.qq.com/s/xV9kHvhjrb9MpE1iqprDBg,微信-勇说数智,,1379,2026-03-09 18:45:19
手把手教你启动自己的OPC：案例说明、7个步骤，5大机会！,20260310,周二,https://mp.weixin.qq.com/s/8ParTKxQUVL8EotFqRILPA,微信-勇说数智,,1410,2026-03-10 22:34:32
腾讯全系“龙虾”产品矩阵来了，个人可直接调用,20260310,周二,https://mp.weixin.qq.com/s/7scfaabhJETu42G-AkpZ8Q,微信-腾讯,,1415,2026-03-10 22:34:32
手把手教你启动自己的OPC：案例说明、7个步骤，5大机会！,20260310,周二,https://mp.weixin.qq.com/s/8ParTKxQUVL8EotFqRILPA,微信-勇说数智,,1420,2026-03-10 22:34:32
企业微信正式接入 OpenClaw｜手把手教程,20260309,周一,https://mp.weixin.qq.com/s/y7JEG-inGA57nwlJk9k8KQ,微信-赛博禅心,,1475,2026-03-11 20:14:43
Claude悄悄更新了Skills生成器，这绝对是一次史诗级升级。,20260311,周三,https://mp.weixin.qq.com/s/vjMG8i7DwQ7R2B1C4AVQdA,微信-数字生命卡兹克,,1493,2026-03-11 20:14:43
智能体原生：企业软件架构演进的下一站,20260311,周三,https://mp.weixin.qq.com/s/EIAPzsA1By5E40jOykGL9A,微信-光哥说AI,,1509,2026-03-11 20:14:43
官方频发“龙虾”风险提示，360推出全网首份OpenClaw安全部署指南,20260311,周三,https://mp.weixin.qq.com/s/Cm5JgNRoQZy9pjqJKD2cCw,微信-360数字安全,,1521,2026-03-13 14:20:32
"OpenAI、Google、Meta、NVIDIA、李飞飞说的""世界模型""，是四件不同的事",20260311,周三,https://mp.weixin.qq.com/s/keEA3vhU4XhP-kOeJY_bLQ,微信-降临派手记,,1589,2026-03-13 14:20:32
【1.2万字研报】OpenClaw战略研究：中国AI Agent市场的竞争格局与路径选择,20260313,周五,https://mp.weixin.qq.com/s/RBRqYAhNxr_WEOQV0qJcaA,微信-AIGC从0到1,,1618,2026-03-13 14:20:32
实测AI浏览器Tabbit一周后，这就是我OpenClaw的新最佳拍档！,20260313,周五,https://mp.weixin.qq.com/s/_8e6mjOMDfXft-zFHihyRw,微信-卡尔的AI沃茨,,1662,2026-03-14 06:07:12
万字拆解｜a16z全球百大消费级AI应用报告：Openclaw引领智能体时代，AI大变局与底层重构，中美俄彻底走向“平行宇宙”，AI将彻底接管工作,20260311,周三,https://mp.weixin.qq.com/s/O0Ov0nuZ2y1k1-2AWdTLHw,微信-Web3天空之城,,1723,2026-03-15 21:13:14
Meta收购了龙虾交友平台Moltbook，字节打造了中国龙虾狂欢地,20260313,周五,https://mp.weixin.qq.com/s/xxNEg0_1eHd80skpy7ne9g,微信-算泥,,1726,2026-03-15 21:13:14
OpenClaw杀进中国医疗圈，掀翻千亿市场！全球首个医疗Agent OS来了,20260314,周六,https://mp.weixin.qq.com/s/VIvzrBbfK16GSaBK5NW16A,微信-新智元,,1772,2026-03-16 01:01:24
万字解析 | 从 OpenClaw 出发，重新理解 AI产品,20260307,周六,https://mp.weixin.qq.com/s/6XgcugbHNA5H6IUjhssNVw,微信-糯米鸡AI窝,,1781,2026-03-16 13:07:21
实测 qclaw ：现在微信可以操控你电脑的Claude code来干活了,20260316,周一,https://mp.weixin.qq.com/s/R_Iv5SlwFEq_PPvoXKeWHg,微信-AIGC新知,,1805,2026-03-16 23:22:21
Chrome 146这个更新，杀死了AI浏览器,20260314,周六,https://mp.weixin.qq.com/s/Z_2GVrD15RN6AjcteN2Tpg,微信-AI工程化,,1832,2026-03-17 01:00:49
用OpenClaw把所有网站都CLI一遍！分享9个我龙虾新装的神技能,20260317,周二,https://mp.weixin.qq.com/s/9xHYTGiD_MsQVehuwiR1bA,微信-卡尔的AI沃茨,,1855,2026-03-17 19:01:46
AI洪流势不可挡，意图即应用破局内容创作,20260317,周二,https://mp.weixin.qq.com/s/aeGozMPBCTZCt-muL3_JNA,微信-王吉伟,,1866,2026-03-17 19:01:46
Atom Capital：OpenClaw带来了哪些机会，窗口期还有多久？,20260305,周四,https://mp.weixin.qq.com/s/DaGTN80Il50xc47hR8736Q,微信-Atom Capital,,1899,2026-03-18 15:14:47
养虾必备，腾讯会议Skill来了！,20260318,周三,https://mp.weixin.qq.com/s/KoRQKVUyAlBExAT4Pz5teg,微信-腾讯会议,,1959,2026-03-19 01:00:44
我也去配置了30万人的AI用户池去调研：AI模拟调研如何重构产品开发范式,20260318,周三,https://mp.weixin.qq.com/s/74zgMOYxL1hX7PHvklJEbg,微信-临界创新,,1980,2026-03-19 15:13:31
AI投毒：当算法的信任基石被腐蚀，我们失去了什么？,20260316,周一,https://mp.weixin.qq.com/s/MfAlpxhhk42-yVK1soh-cw,微信-AI变革,,2006,2026-03-19 19:25:39
疯狂安利！LibTV发布，我和我的AI龙虾终于能一起当导演了!,20260318,周三,https://mp.weixin.qq.com/s/BO3NHLCDE20roMCKHjM5yw,微信-AI变革,,2007,2026-03-19 19:25:39
教会OpenClaw做AI视频后，我挖出了5个隐藏玩法！,20260319,周四,https://mp.weixin.qq.com/s/YFy2QM32D-NjFh2SGUFcRw,微信-卡尔的AI沃茨,,2018,2026-03-20 01:01:21
小米又发布三个模型！一手实测来了~,20260319,周四,https://mp.weixin.qq.com/s/9otDDS-QR6UU8SklgVmkYw,微信-刘聪NLP,,2021,2026-03-20 01:01:21
Atom Capital：OpenClaw带来了哪些机会，窗口期还有多久？,20260305,周四,https://mp.weixin.qq.com/s/DaGTN80Il50xc47hR8736Q,微信-Atom Capital,Pin,2032,2026-03-20 01:01:21
黄仁勋：AI 热闹过后，什么人更值钱,20260320,周五,https://mp.weixin.qq.com/s/DG-JjsFStrJBA6d_8_bwkA,微信-AI 深度研究员,,2087,2026-03-20 16:12:48
我尝试做一个会自己长大的 AI,20260320,周五,https://mp.weixin.qq.com/s/fJUpoTzR3pLSVD2V-T1ZKw,微信-MarvinFang,,2098,2026-03-21 01:19:07
OpenClaw爆火，Computer Use Agent爆发,20260310,周二,https://mp.weixin.qq.com/s/AA0H_i_1Qnz2wC5tp2VQzg,微信-王吉伟,,2133,2026-03-22 01:18:57
OpenClaw+Obsidian+CC｜才是AI时代知识管理的神（20 分钟装好全套）,20260227,周五,https://mp.weixin.qq.com/s/EMahAzgfAbRQrYukWE7_IQ,微信-摸鱼小李,,2174,2026-03-22 12:21:53
数据饥荒时代：AI吃光了地球上的数据,20260322,周日,https://mp.weixin.qq.com/s/9un1RX8M5wZMybKEHDXnkA,微信-勇说数智,,2198,2026-03-22 23:51:23
实测微信不止可以接龙虾，还能接cc、做推送（附教程）,20260322,周日,https://mp.weixin.qq.com/s/rtDKe0voB7klUtyj81IDAA,微信-AI产品普洱,,2217,2026-03-23 01:19:00
预测一下小龙虾（OpenClaw）的未来,20260323,周一,https://mp.weixin.qq.com/s/DB9txx4w06K5m_pQhU5RGQ,微信-勇说数智,,2235,2026-03-23 14:32:31
疯狂安利！LibTV发布，我和我的AI龙虾终于能一起当导演了!,20260318,周三,https://mp.weixin.qq.com/s/BO3NHLCDE20roMCKHjM5yw,微信-AI变革,,2256,2026-03-23 20:07:15
来看看微信Clawbot催生出了多少离谱的项目吧,20260323,周一,https://mp.weixin.qq.com/s/Gx2uweRBEgo_MuAb-m3HCQ,微信-卡尔的AI沃茨,,2291,2026-03-24 01:19:40
实测内容Agent Ribbi，我真没想到虾还能这样玩,20260324,周二,https://mp.weixin.qq.com/s/-Xb9lovdRSqOjOQw-9lpXQ,微信-卡尔的AI沃茨,,2334,2026-03-25 01:28:25
实测内容Agent Ribbi，我真没想到虾还能这样玩,20260324,周二,https://mp.weixin.qq.com/s/-Xb9lovdRSqOjOQw-9lpXQ,微信-卡尔的AI沃茨,,2344,2026-03-25 15:08:43
2026 OPC + AI 漫剧：一个人、一套工具、一个角色，撬动下一个 IP 时代,20260322,周日,https://mp.weixin.qq.com/s/RAEB0BqwxMWIX5AmGfVDKQ,微信-老许的OPC超级个体之路,,2393,2026-03-26 19:34:27
我和Agent合作新开了家龙虾玩偶店，跨国营业中！,20260325,周三,https://mp.weixin.qq.com/s/je0Wu_fReaADflN29HicJw,微信-卡尔的AI沃茨,,2397,2026-03-26 19:34:27
为了让Agent理解上下文，这个团队选择自己重写架构,20260326,周四,https://mp.weixin.qq.com/s/08rZsbL2KzpwbkiBc1gxjw,微信-卡尔的AI沃茨,,2451,2026-03-28 12:47:57
后AI时代，真的是AI给我们发救济吗？,20260326,周四,https://mp.weixin.qq.com/s/-d5X0gL3fK0s4-ijNZSv6Q,微信-勇说数智,,2468,2026-03-28 12:47:57
OpenAI关停Sora：四层原因，和一个所有AI视频工具都面对的问题,20260326,周四,https://mp.weixin.qq.com/s/bM3cIIzCje2hiQcne1XryQ,微信-降临派手记,,2497,2026-03-28 12:47:57
LibTV Star Video2.0最强视频模型实测:AI短剧/电影/商业广告全解锁,20260325,周三,https://mp.weixin.qq.com/s/p--ix3hUd8sT_X4_5kWTDA,微信-AI变革,,2526,2026-03-28 12:47:57
ArkClaw 能力全解读：养好龙虾还是在于生态,20260327,周五,https://mp.weixin.qq.com/s/CAjIopfwABPreBTL7uKnKw,微信-火山引擎Agent社区,,2538,2026-03-28 12:47:57
AI科学家登上Nature！独立完成科研论文并通过同行评审,20260327,周五,https://mp.weixin.qq.com/s/N7lvytaR2iZD4azem1DJ7w,微信-算泥,,2542,2026-03-28 12:47:57
下一代GUI范式，图形界面实时生成！Google正在重塑网页浏览体验,20260328,周六,https://mp.weixin.qq.com/s/pNWPOdTYLuPeQusItRphnA,微信-算泥,,2543,2026-03-28 12:47:57
不是 VS Code 加 AI：Cursor为什么要fork整个编辑器 | AI编程 03,20260327,周五,https://mp.weixin.qq.com/s/OIzAcv87c-9fiIBwIJ6ttA,微信-降临派手记,,2559,2026-03-29 08:04:31
"Skill 创作手记：我花24小时解构聊天记录，让8个Agent告诉我""我是谁""",20260213,周五,https://mp.weixin.qq.com/s/FbrgkYRqjk8TinloxAsIxw,微信-Lulu的会客厅,,2590,2026-03-29 13:19:38
MiniMax Token Plan：全球首个支持全模态模型的订阅计划,20260323,周一,https://mp.weixin.qq.com/s/o4KGGgtp32vRMecOYCbVmA,微信-MiniMax 稀宇科技,,2596,2026-03-29 13:19:38
《基于AI推理的患者-临床试验匹配系统》,20260330,周一,https://mp.weixin.qq.com/s/c29KmKSc_xAVIzmJBtm1bQ,微信-数字医疗,,2663,2026-03-30 16:25:53
降维打击！豆包AI语音输入法PC版来了，微信颤抖，Typeless慌了？,20260329,周日,https://mp.weixin.qq.com/s/XbMdqkbQ2koeksc_dhPsrA,微信-AIGC创意猎人,,2684,2026-03-30 20:01:43
只提升清晰度已经不够用了，AI生图质感差距的秘诀就在打光,20260330,周一,https://mp.weixin.qq.com/s/iTQZiLL-35IFDtfxWMrnpw,微信-卡尔的AI沃茨,,2700,2026-03-30 20:01:43
龙虾掀起的 AI 执行革命，为什么必须由硬件来承接？,20260327,周五,https://mp.weixin.qq.com/s/NtpxQZXV06IZqHWdIQkFPA,微信-爱冲浪社区,,2701,2026-03-30 22:05:53
龙虾掀起的 AI 执行革命，为什么必须由硬件来承接？,20260327,周五,https://mp.weixin.qq.com/s/NtpxQZXV06IZqHWdIQkFPA,微信-爱冲浪社区,,2703,2026-03-30 22:05:53
Atom Capital：OpenClaw带来了哪些机会，窗口期还有多久？,20260305,周四,https://mp.weixin.qq.com/s/DaGTN80Il50xc47hR8736Q,微信-Atom Capital,,2706,2026-03-30 22:05:53
今天，腾讯免费安装OpenClaw,20260306,周五,https://mp.weixin.qq.com/s/JQnf6hlQpHTTpXNepnSNVQ,微信-腾讯云,,2706,2026-03-30 22:05:53
AI 仿真人短剧，核心根本不是 Seedance ！,20260307,周六,https://mp.weixin.qq.com/s/Oz2j8n3cpe2ejsP9NPq-QQ,微信-羊羊AI视频,,2706,2026-03-30 22:05:53
企业微信正式接入 OpenClaw｜手把手教程,20260309,周一,https://mp.weixin.qq.com/s/y7JEG-inGA57nwlJk9k8KQ,微信-赛博禅心,,2706,2026-03-30 22:05:53
,,,https://mp.weixin.qq.com/s/V6kC0F2KHH8BJR4olnfNRQ,微信X失效,,2706,2026-03-30 22:05:53
,,,https://mp.weixin.qq.com/s/Q7tGFiGwoIHLmO1ZcdubKQ),微信X失效,,2706,2026-03-30 22:05:53
人均产能翻百倍！我们团队用AI疯狂“量产”了300+款产品,20260314,周六,https://mp.weixin.qq.com/s/38kpfKcMu0g03SPDADNVQA,微信-SuperAI编程,,2706,2026-03-30 22:05:53
4月1日，AI漫剧正式进入持证上岗时代.,20260316,周一,https://mp.weixin.qq.com/s/JPg_teZArvRVDyhqWsLGdg,微信-西堂AI创业笔记,,2706,2026-03-30 22:05:53
,,,https://mp.weixin.qq.com/s/5vvWRB2SCEeeyhixSNnw8w,微信X失效,,2706,2026-03-30 22:05:53
微信入口升级，QClaw开始放量了,20260318,周三,https://mp.weixin.qq.com/s/627mVhea97gkVdgyk4fwVg,微信-见实,,2706,2026-03-30 22:05:53
OpenClaw避坑指南：先装这10个Skills，再谈生产力,20260305,周四,https://mp.weixin.qq.com/s/S_6GweaJ1KmNbaP84QJSZQ,微信-开发者阿橙,,2706,2026-03-30 22:05:53
通透！吃透龙虾 OpenClaw：新手避坑，老手进阶,20260320,周五,https://mp.weixin.qq.com/s/pRWTrdfD2WhgKlTmnaqpiQ,微信-AI产品榜,,2706,2026-03-30 22:05:53
OpenAI帝国濒临崩盘，奥特曼急招3500人反击！Claude抢走70%新单,20260322,周日,https://mp.weixin.qq.com/s/DKiegAF2J6SsueFEh1PJ7g,微信-新智元,,2706,2026-03-30 22:05:53
8.25倍完成率，悄悄进化的龙虾诞生！丢掉外挂记忆库，每次报错都在变强,20260323,周一,https://mp.weixin.qq.com/s/qkuph6LOA9dOK28-DY6Mrw,微信-算泥,,2706,2026-03-30 22:05:53
「AI炼金术」任鑫：OpenClaw打开的AI产品新思路,20260325,周三,https://mp.weixin.qq.com/s/nFN0gSnyheU5Qfo65bNlnA,微信-超声波,,2706,2026-03-30 22:05:53
平均每天烧掉1500万美元，爆火的Sora“猝死”，存活仅25个月！团队员工不知情，前一晚还在和迪士尼开会,20260325,周三,https://mp.weixin.qq.com/s/v_rIZTKzZjwlwcoALhwQ4g,微信-每日经济新闻,,2706,2026-03-30 22:05:53
OpenAI关停Sora：四层原因，和一个所有AI视频工具都面对的问题,20260326,周四,https://mp.weixin.qq.com/s/bM3cIIzCje2hiQcne1XryQ,微信-降临派手记,,2706,2026-03-30 22:05:53
2026 AI Agent黑客松现场：我看到了未来10年的影子,20260329,周日,https://mp.weixin.qq.com/s/jx7NtoIJ_wVRXnKJ6OjsnA,微信-Ai辉,,2706,2026-03-30 22:05:53
,,,https://t.zsxq.com/syOK9,星球-AI产品经理大本营,,2706,2026-03-30 22:05:53
,,,https://t.zsxq.com/ODWMZ,星球-AI产品经理大本营,,2706,2026-03-30 22:05:53
,,,https://t.zsxq.com/oG0eM,星球-AI产品经理大本营,,2706,2026-03-30 22:05:53
,,,https://t.zsxq.com/1lC2a,星球-AI产品经理大本营,,2706,2026-03-30 22:05:53
,,,https://t.zsxq.com/jJfVF,星球-AI产品经理大本营,,2706,2026-03-30 22:05:53
,,,https://t.zsxq.com/vGkBe,星球-AI产品经理大本营,,2706,2026-03-30 22:05:53
,,,http://xhslink.com/o/9KPLHJFtWg1,APP-小红书,,2706,2026-03-30 22:05:53
,,,http://xhslink.com/a/hlCWvHjzJjxcb,APP-小红书,,2706,2026-03-30 22:05:53
,,,https://www.xiaohongshu.com/discovery/item/69aae69c0000000026030277?app_platform=ios&app_version=9.20&share_from_user_hidden=true&xsec_source=app_share&type=normal&xsec_token=CB9hkMArM6hNju2COX7o2mQ6T4lU6DridRfP63OlWoyRo=&author_share=1&xhsshare=WeixinSession&shareRedId=N0o0RkRKOz42NzUyOTgwNjc1OTk0Skc9&apptime=1772809219&share_id=c7cb74ad1c854d65b218139bbed5c34d#pushState,APP-小红书,,2706,2026-03-30 22:05:53
,,,http://xhslink.com/o/4P09FiBepzE,APP-小红书,,2706,2026-03-30 22:05:53
,,,https://www.xiaohongshu.com/discovery/item/69a918f7000000001503285b?app_platform=android&ignoreEngage=true&app_version=9.19.5&share_from_user_hidden=true&xsec_source=app_share&type=normal&xsec_token=CBfEFpb6VR7PuctfnwVz8Yu32r_jLh58PDJEas8IiOGzw%3D&author_share=1&xhsshare=&shareRedId=NztEMDhGRkFHPjpFQj02R0s4Pjs6ODg-&apptime=1772690752&share_id=a9cdbecd902e479187059a5871b70299&share_channel=wechat#pushState,APP-小红书,,2706,2026-03-30 22:05:53
,,,https://www.xiaohongshu.com/discovery/item/69aaca700000000026032407?app_platform=ios&app_version=8.97&share_from_user_hidden=true&xsec_source=app_share&type=video&xsec_token=CBssI9Lpw06CGJn4ye0Cam7alPjr4aF_8QROpWV8sWLrM=&author_share=1&xhsshare=WeixinSession&shareRedId=ODg3Mjk2O0s2NzUyOTgwNjczOTdKR0w8&apptime=1772831264&share_id=020b76f372644d7b8c7f4d27a7a136cb#pushState,APP-小红书,,2706,2026-03-30 22:05:53
,,,https://www.xiaohongshu.com/discovery/item/69b40d770000000020039d8d?app_platform=android&ignoreEngage=true&app_version=9.19.4&share_from_user_hidden=true&xsec_source=app_share&type=normal&noteAttributes=goods&xsec_token=CBYxgp4RFITvFjzb4kq2_9YkglFWOb1Dc-yIREPUECJ-k%3D&author_share=1&back_chain_id=goods_note_share&xhsshare=&shareRedId=ODdIOUY2Ozk2NzUyOTgwNjczOTdKSDc8&apptime=1773484837&share_id=b5cfb3385aa046c883c41f2d4d175071&share_channel=wechat#pushState,APP-小红书,,2706,2026-03-30 22:05:53
,,,http://xhslink.com/o/8QtwVJje3rD,APP-小红书,,2706,2026-03-30 22:05:53
,,,https://www.xiaohongshu.com/discovery/item/69bf84ae000000001f0069b4?app_platform=android&ignoreEngage=true&app_version=9.19.4&share_from_user_hidden=true&xsec_source=app_share&type=normal&xsec_token=CB07oHBUW1z9EQGdOxd_mtea8SdAVLOGOhFopmnCWzz78%3D&author_share=1&xhsshare=&shareRedId=ODdIOUY2Ozk2NzUyOTgwNjczOTdKSDc8&apptime=1774174476&share_id=2a5cc6e1da754a429b3dacef3991cc0d&share_channel=wechat,APP-小红书,,2706,2026-03-30 22:05:53
今日头条,,,https://m.toutiao.com/article/7613342588384412195/,头条OT,,2706,2026-03-30 22:05:53
安志萍：大模型赋能体检报告智能生成,,,https://www.hit180.com/77729.html,,,2706,2026-03-30 22:05:53
《AI行业2025年度总结补充篇（V4不等了版）》_哔哩哔哩_bilibili,,,https://b23.tv/9zTq8x9,APP-哔哩哔哩,,2706,2026-03-30 22:05:53
【开箱】小米miclaw隐藏玩法？我家被AI占领了..._哔哩哔哩_bilibili,,,https://b23.tv/nhMHXS2,APP-哔哩哔哩,,2706,2026-03-30 22:05:53
全网搞龙虾，龙虾是否被吹捧过度了？ - 链上深度分析 - ChainThink链智库,,,https://chainthink.cn/zh-CN/article/110077903370031110?uid=1932036327095364111,,,2706,2026-03-30 22:05:53
YZi Labs ：229 笔投资、95 个上币安 - 链上深度分析 - ChainThink链智库,,,https://chainthink.cn/zh-CN/article/108033879050129442?uid=1932036327095364111,,,2706,2026-03-30 22:05:53
玩转OpenClaw｜云上OpenClaw接入元宝-腾讯云开发者社区-腾讯云,,,https://cloud.tencent.com/developer/article/2639249,,,2706,2026-03-30 22:05:53
Master chief和元宝的对话,,,https://yb.tencent.com/s/0QMugZvxSWFc?source=0,,,2706,2026-03-30 22:05:53
Master chief和元宝的对话,,,https://yb.tencent.com/s/qoFeIBYCVVIm?source=0,,,2706,2026-03-30 22:05:53
,,,https://m.weibo.cn/status/5274383649604844,App-微博,,2706,2026-03-30 22:05:53
,,,https://weibo.com/7442601366/5274383649604844,App-微博,,2706,2026-03-30 22:05:53
腾讯没有开放微信，但它给 Agent 开了一个官方入口,20260321,周六,https://yage.ai/share/tencent-wechat-agent-entry-20260321.html,,,2706,2026-03-30 22:05:53
,,,https://zhuanlan.zhihu.com/p/2019462991532282238,APP-知乎,,2706,2026-03-30 22:05:53
我国对国内成品油价格采取临时调控措施 减轻下游用户负担_手机同花顺财经,,,https://m.10jqka.com.cn/20260323/c675476487.shtml?fontzoom=no&client_userid=bVyLW&share_hxapp=gsc&share_action=webpage_share.community-list-default&back_source=wxhy&share_cnt=2,,,2706,2026-03-30 22:05:53
,,,https://special.huxiu.com/xsxx/2026Q1_outdoor/,,,2706,2026-03-30 22:05:53
,,,https://special.huxiu.com/xsxx/2026Q1_ai/,,,2706,2026-03-30 22:05:53
【飞行社】在OpenClaw中调用coze工作流，不要让做好的工作流吃灰~,,,https://www.feishu.cn/community/prompts?id=7616623437972344006,,,2706,2026-03-30 22:05:53
龙虾掀起的 AI 执行革命，为什么必须由硬件来承接？,20260327,周五,https://mp.weixin.qq.com/s/NtpxQZXV06IZqHWdIQkFPA,微信-爱冲浪社区,,2701,2026-03-30 22:47:52
龙虾掀起的 AI 执行革命，为什么必须由硬件来承接？,20260327,周五,https://mp.weixin.qq.com/s/NtpxQZXV06IZqHWdIQkFPA,微信-爱冲浪社区,,2703,2026-03-30 22:47:52
使用龙虾感悟（一）：强者愈强，庸者愈庸,20260330,周一,https://mp.weixin.qq.com/s/MOYu6oAGpTkZ9_kMYUSEQQ,微信-数智转型架构师,,2704,2026-03-30 22:47:52
Atom Capital：OpenClaw带来了哪些机会，窗口期还有多久？,20260305,周四,https://mp.weixin.qq.com/s/DaGTN80Il50xc47hR8736Q,微信-Atom Capital,,2710,2026-03-30 22:47:52
今天，腾讯免费安装OpenClaw,20260306,周五,https://mp.weixin.qq.com/s/JQnf6hlQpHTTpXNepnSNVQ,微信-腾讯云,,2710,2026-03-30 22:47:52
AI 仿真人短剧，核心根本不是 Seedance ！,20260307,周六,https://mp.weixin.qq.com/s/Oz2j8n3cpe2ejsP9NPq-QQ,微信-羊羊AI视频,,2710,2026-03-30 22:47:52
企业微信正式接入 OpenClaw｜手把手教程,20260309,周一,https://mp.weixin.qq.com/s/y7JEG-inGA57nwlJk9k8KQ,微信-赛博禅心,,2710,2026-03-30 22:47:52
,,,https://mp.weixin.qq.com/s/V6kC0F2KHH8BJR4olnfNRQ,微信X失效,,2710,2026-03-30 22:47:52
,,,https://mp.weixin.qq.com/s/Q7tGFiGwoIHLmO1ZcdubKQ),微信X失效,,2710,2026-03-30 22:47:52
人均产能翻百倍！我们团队用AI疯狂“量产”了300+款产品,20260314,周六,https://mp.weixin.qq.com/s/38kpfKcMu0g03SPDADNVQA,微信-SuperAI编程,,2710,2026-03-30 22:47:52
4月1日，AI漫剧正式进入持证上岗时代.,20260316,周一,https://mp.weixin.qq.com/s/JPg_teZArvRVDyhqWsLGdg,微信-西堂AI创业笔记,,2710,2026-03-30 22:47:52
,,,https://mp.weixin.qq.com/s/5vvWRB2SCEeeyhixSNnw8w,微信X失效,,2710,2026-03-30 22:47:52
微信入口升级，QClaw开始放量了,20260318,周三,https://mp.weixin.qq.com/s/627mVhea97gkVdgyk4fwVg,微信-见实,,2710,2026-03-30 22:47:52
OpenClaw避坑指南：先装这10个Skills，再谈生产力,20260305,周四,https://mp.weixin.qq.com/s/S_6GweaJ1KmNbaP84QJSZQ,微信-开发者阿橙,,2710,2026-03-30 22:47:52
通透！吃透龙虾 OpenClaw：新手避坑，老手进阶,20260320,周五,https://mp.weixin.qq.com/s/pRWTrdfD2WhgKlTmnaqpiQ,微信-AI产品榜,,2710,2026-03-30 22:47:52
OpenAI帝国濒临崩盘，奥特曼急招3500人反击！Claude抢走70%新单,20260322,周日,https://mp.weixin.qq.com/s/DKiegAF2J6SsueFEh1PJ7g,微信-新智元,,2710,2026-03-30 22:47:52
8.25倍完成率，悄悄进化的龙虾诞生！丢掉外挂记忆库，每次报错都在变强,20260323,周一,https://mp.weixin.qq.com/s/qkuph6LOA9dOK28-DY6Mrw,微信-算泥,,2710,2026-03-30 22:47:52
「AI炼金术」任鑫：OpenClaw打开的AI产品新思路,20260325,周三,https://mp.weixin.qq.com/s/nFN0gSnyheU5Qfo65bNlnA,微信-超声波,,2710,2026-03-30 22:47:52
平均每天烧掉1500万美元，爆火的Sora“猝死”，存活仅25个月！团队员工不知情，前一晚还在和迪士尼开会,20260325,周三,https://mp.weixin.qq.com/s/v_rIZTKzZjwlwcoALhwQ4g,微信-每日经济新闻,,2710,2026-03-30 22:47:52
OpenAI关停Sora：四层原因，和一个所有AI视频工具都面对的问题,20260326,周四,https://mp.weixin.qq.com/s/bM3cIIzCje2hiQcne1XryQ,微信-降临派手记,,2710,2026-03-30 22:47:52
2026 AI Agent黑客松现场：我看到了未来10年的影子,20260329,周日,https://mp.weixin.qq.com/s/jx7NtoIJ_wVRXnKJ6OjsnA,微信-Ai辉,,2710,2026-03-30 22:47:52
,,,https://www.hit180.com/77729.html,Web-HIT专家网,,2714,2026-03-31 00:00:48
《AI行业2025年度总结补充篇（V4不等了版）》,20260309,周一,https://b23.tv/9zTq8x9,APP-哔哩哔哩,,2714,2026-03-31 00:00:48
【开箱】小米miclaw隐藏玩法？我家被AI占领了...,20260310,周二,https://b23.tv/nhMHXS2,APP-哔哩哔哩,,2714,2026-03-31 00:00:48
玩转OpenClaw｜云上OpenClaw接入元宝,20260316,周一,https://cloud.tencent.com/developer/article/2639249,Web_腾讯云开发者社区,,2714,2026-03-31 00:00:48
腾讯没有开放微信，但它给 Agent 开了一个官方入口,20260321,周六,https://yage.ai/share/tencent-wechat-agent-entry-20260321.html,Web_OT,,2714,2026-03-31 00:00:48
在OpenClaw中调用coze工作流，不要让做好的工作流吃灰~,20260313,周五,https://www.feishu.cn/community/prompts?id=7616623437972344006,飞书社区,,2714,2026-03-31 00:00:48
Cursor年收 $20 亿，但 95% 企业AI试点失败了 | AI编程 06,20260330,周一,https://mp.weixin.qq.com/s/IoWtFgtDggRneWgnyPEO2Q,微信-降临派手记,,2712,2026-03-31 00:03:16
安志萍：大模型赋能体检报告智能生成,20260308,周日,https://www.hit180.com/77729.html,Web-HIT专家网,,2714,2026-03-31 00:03:16
《AI行业2025年度总结补充篇（V4不等了版）》,20260309,周一,https://b23.tv/9zTq8x9,APP-哔哩哔哩,,2714,2026-03-31 00:03:16
【开箱】小米miclaw隐藏玩法？我家被AI占领了...,20260310,周二,https://b23.tv/nhMHXS2,APP-哔哩哔哩,,2714,2026-03-31 00:03:16
全网搞龙虾，龙虾是否被吹捧过度了？ - 链上深度分析 - ChainThink链智库,20260310,周二,https://chainthink.cn/zh-CN/article/110077903370031110,Web-ChainThink,,2714,2026-03-31 00:03:16
YZi Labs ：229 笔投资、95 个上币安 - 链上深度分析 - ChainThink链智库,20260304,周三,https://chainthink.cn/zh-CN/article/108033879050129442,Web-ChainThink,,2714,2026-03-31 00:03:16
玩转OpenClaw｜云上OpenClaw接入元宝,20260316,周一,https://cloud.tencent.com/developer/article/2639249,Web_腾讯云开发者社区,,2714,2026-03-31 00:03:16
腾讯没有开放微信，但它给 Agent 开了一个官方入口,20260321,周六,https://yage.ai/share/tencent-wechat-agent-entry-20260321.html,Web_OT,,2714,2026-03-31 00:03:16
我国对国内成品油价格采取临时调控措施 减轻下游用户负担_手机同花顺财经,20260323,周一,https://m.10jqka.com.cn/20260323/c675476487.shtml,APP-同花顺,,2714,2026-03-31 00:03:16
在OpenClaw中调用coze工作流，不要让做好的工作流吃灰~,20260313,周五,https://www.feishu.cn/community/prompts?id=7616623437972344006,飞书社区,,2714,2026-03-31 00:03:16
MCP没死，CLI大兴，Skill通吃，GUI变形,20260331,周二,https://mp.weixin.qq.com/s/yXZotmdItbEV6I8wdDhWqQ,微信-王吉伟,,2736,2026-03-31 20:32:52
AGI不会诞生于一个更大的脑，而会诞生于一套新的秩序,20260331,周二,https://mp.weixin.qq.com/s/0jP5jMxq5luDhL_S9E05QQ,微信-智侣科技,,2749,2026-03-31 20:32:52
实测Pixverse V6新版本，现在AI视频也有自己的蜜雪冰城了,20260331,周二,https://mp.weixin.qq.com/s/Rx9VgloP4CzgAI40rfEO3Q,微信-卡尔的AI沃茨,,2758,2026-03-31 20:32:52
从Claude Code刚泄漏的源码，看当前第一梯队 AI Agent 的工程架构,20260331,周二,https://mp.weixin.qq.com/s/Oryy0MiO9EDbdoDdeo5NLQ,微信-01Founder,,2772,2026-04-01 01:18:54
首发！支付宝支付集成Skill来了,20260331,周二,https://mp.weixin.qq.com/s/_M_kVX1VImS9hsLj1AJicQ,微信-支付宝,,2809,2026-04-02 14:56:13
从会聊天到能做事，Agent的终局是什么？,20260331,周二,https://mp.weixin.qq.com/s/C5AR1yuLRL6h4zHb8IV67Q,微信-AGI接口,,2834,2026-04-02 14:56:13
Seedance 2.0 之后，AI 短剧全民时代来了,20260331,周二,https://mp.weixin.qq.com/s/nC7iUbfZ9RBq0TByVI5Www,微信-羊羊AI视频,,2840,2026-04-02 14:56:13
做AI短剧，最怕这5个坑（附seedance 过真人审核的办法）,20260331,周二,https://mp.weixin.qq.com/s/VlDIHtfVZmsPHB3Cqh16YQ,微信-西羊石AI视频,,2841,2026-04-02 14:56:13
AGI不会诞生于一个更大的脑，而会诞生于一套新的秩序,20260331,周二,https://mp.weixin.qq.com/s/0jP5jMxq5luDhL_S9E05QQ,微信-智侣科技,,2847,2026-04-02 14:56:13
AI 也绕不开三体，高阶网络集体动力学,20260331,周二,https://mp.weixin.qq.com/s/iLbQgbr5jawUJtEoFM2oEQ,微信-清熙,,2848,2026-04-02 14:56:13
Claude Code 的秘密：Claude Code 基于 0331 开源版本的深度调研,20260401,周三,https://mp.weixin.qq.com/s/FyO4-7eINBPlHl5fTp6psQ,微信-手工川,,2900,2026-04-02 14:56:13
张雪机车两连冠创造历史，老板张雪20年前纪录片刷屏，背后上市公司股价大涨，企业估值超10亿,20260331,周二,https://mp.weixin.qq.com/s/kxZStCfmILXSqWQ3tAvvvg,微信-红星新闻,,151,2026-04-02 14:59:42
"张雪机车夺冠前""一个子儿没给""，后给200亩地，浙江国资赚翻了",20260401,周三,https://mp.weixin.qq.com/s/j1xTfCa9LNTq49GVqf2TiA,微信-八卦日日有,,154,2026-04-02 14:59:42
实测ColaOS，我把同事，老板和自己都做成了赛博Skill,20260402,周四,https://mp.weixin.qq.com/s/66InOxzh5N1qDRq04J3zFw,微信-卡尔的AI沃茨,,2915,2026-04-05 00:29:30
Datawhale首次进入全球前30！,20260402,周四,https://mp.weixin.qq.com/s/CT5FhIn8h14aH11WGny-lQ,微信-Datawhale,,2936,2026-04-05 00:29:30
Claude 暴涨 88%，ChatGPT 逼近 10 亿却停了｜2026年3月AI产品榜·应用榜,20260403,周五,https://mp.weixin.qq.com/s/Pnl8KudhxK_7CQX03ok0yA,微信-AI产品榜,,2952,2026-04-05 00:29:30
阿里3天3王炸！全模态、精准控图和智能体编程SOTA，但没开源,20260403,周五,https://mp.weixin.qq.com/s/JcNrmmxLlw5WPIE1pIdgRQ,微信-算泥,,2979,2026-04-05 00:29:30
6B模型超越Nano Banana 2！上海AI实验室让画图模型有了记忆和技能包,20260404,周六,https://mp.weixin.qq.com/s/5fBKzorKeIh-_H7FzN_AvA,微信-算泥,,2987,2026-04-05 00:29:30
Claude AI 全套课程，如何从零开始构建并自动化各种项目！,20260404,周六,https://mp.weixin.qq.com/s/UpqyhE3u4myAvWZCvB2s0w,微信-Datawhale,,2999,2026-04-05 01:53:48
Claude AI 全套课程，如何从零开始构建并自动化各种项目！,20260404,周六,https://mp.weixin.qq.com/s/UpqyhE3u4myAvWZCvB2s0w,微信-Datawhale,,3001,2026-04-05 01:53:48
大数据：美伊战争背后的隐形推手,20260406,周一,https://mp.weixin.qq.com/s/yEhXRqo1avDzSqHKkRetsg,微信-勇说数智,,3041,2026-04-06 21:50:07
万字深解：人形机器人量产决战之年，OpenClaw 如何为 “技术平权” 铺设未来赛道？普通人如何搭上这波万亿红利？,20260331,周二,https://mp.weixin.qq.com/s/1FzHOaxYWiUn0gQV9o8-sA,微信-罗斯谈AI商业,,3046,2026-04-06 21:50:07
Seedance2.0上线TapNow，把AI视频创作门槛彻底干没了,20260405,周日,https://mp.weixin.qq.com/s/8geJRJohJ-qR-yaL1J11_A,微信-AI变革,,3050,2026-04-06 21:50:07
一句话用Seedance2.0直出5分钟漫剧，我决定把工作流全拆开来讲讲,20260407,周二,https://mp.weixin.qq.com/s/0AujXn4iCMRePSHCYaEJpA,微信-卡尔的AI沃茨,,3080,2026-04-07 19:20:18
Claude Code 的秘密：Claude Code 基于 0331 开源版本的深度调研,20260401,周三,https://mp.weixin.qq.com/s/FyO4-7eINBPlHl5fTp6psQ,微信-手工川,,3107,2026-04-07 19:20:18
AutoResearch：AI 驱动的全自动研发范式,20260401,周三,https://mp.weixin.qq.com/s/H4Q1uRdi_SQk_zs9k5sPkA,微信-金融科技实战,,3109,2026-04-07 19:20:18
我也去配置了30万人的AI用户池去调研：AI模拟调研如何重构产品开发范式,20260318,周三,https://mp.weixin.qq.com/s/74zgMOYxL1hX7PHvklJEbg,微信-临界创新,,3134,2026-04-08 12:04:19
从“龙虾”的喧嚣到 Agent 的未来：先别急着卸载龙虾，我们可能误会了真正的问题出在哪,20260313,周五,https://mp.weixin.qq.com/s/lHMxWgPEZC3VG-r3ZX2KKQ,微信-小雨的路与书,,3135,2026-04-08 12:04:19
科技解码局 II 我把2篇文章丢给AI，3小时后它自己写出了升级攻略——这才是2026年玩龙虾的正确姿势,20260319,周四,https://mp.weixin.qq.com/s/uu0e8ZnkZBTlPXQkGnSfRg,微信-临界创新,,3136,2026-04-08 12:04:19
终极预言：OpenClaw引爆真Web3.0，Agent硬件就是下一代矿机，AI互联网将重构一切,20260315,周日,https://mp.weixin.qq.com/s/buOl8vGtsT0IOgHq7xaxFg,微信-半仙聊AI,,3138,2026-04-08 12:04:19
在母校对外经贸大学的最新演讲——AI时代，我们到底该学什么？（附演讲全文）,20260327,周五,https://mp.weixin.qq.com/s/kcDYPU8qKgoyo_PI09QPKA,微信-小雨的路与书,,3140,2026-04-08 12:04:19
龙虾炸场的 AI 执行革命，为什么必须由硬件来承接？,20260327,周五,https://mp.weixin.qq.com/s/NtpxQZXV06IZqHWdIQkFPA,微信-爱冲浪社区,Pin,3141,2026-04-08 12:04:19
全员应用Agent的100天：一场关于组织重构的深度实验与观察,20260329,周日,https://mp.weixin.qq.com/s/ShTzf8Z6i4epRS0983bqfA,微信-小雨的路与书,,3144,2026-04-08 12:04:19
华为憨憨、千问G1眼镜、Vbot浮出水面：谁代表AI硬件的下一站？,20260325,周三,https://mp.weixin.qq.com/s/bAo1tlGsEpeJaoeHvnNG1A,微信-爱冲浪社区,,3145,2026-04-08 12:04:19
机器人，“跑”得稳比站得直重要,20260327,周五,https://mp.weixin.qq.com/s/6GcvGOfOpdXxfmcc4lOKgw,微信-AGI接口,,3149,2026-04-08 12:04:19
16个让Agent更好用的公司正在融资,20260401,周三,https://mp.weixin.qq.com/s/Rd3ZCPNwwcmfM0atuzX1xQ,微信-elsewhere别处发生,,3152,2026-04-08 12:04:19
"枪口对向自己：为什么复杂组织的AI改造，必须从""OPC战术小组""开始？",20260403,周五,https://mp.weixin.qq.com/s/NQyZo6UwzH4thDRi1LeGPA,微信-小雨的路与书,,3153,2026-04-08 12:04:19
行业观察 | 医疗AI热潮之下的四大悬念,20260408,周三,https://mp.weixin.qq.com/s/ql580ieUG5_renqweGjcCA,微信-HIT专家网官微,,3210,2026-04-08 12:04:19
AI替代大排名：生命科学排第一，医疗卫生辅助为何不能被替代？,20260407,周二,https://mp.weixin.qq.com/s/83A6y3VRc3WgJnApK2h1vg,微信-IVD论坛,,3212,2026-04-08 12:04:19
Seedance2.0上线TapNow，把AI视频创作门槛彻底干没了,20260405,周日,https://mp.weixin.qq.com/s/8geJRJohJ-qR-yaL1J11_A,微信-AI变革,,3236,2026-04-08 19:19:08
Mythos倒贴1亿真相：并非 ASI ，而是攻防奇点,20260408,周三,https://mp.weixin.qq.com/s/__EJEKViPvVhocU2uCsQ3A,微信-AIGC从0到1,,3251,2026-04-08 19:19:08
PixVerse C1 正式发布，全球首个影视行业大模型！,20260408,周三,https://mp.weixin.qq.com/s/--kbDn0VdOIlJpsmeOOhgA,微信-爱诗科技 AIsphere,,3266,2026-04-09 14:43:58
硅谷大佬集体共识：AI正在消灭中层管理者,20260407,周二,https://mp.weixin.qq.com/s/sJoWTdB61mxtU2j9nisW2g,微信-算泥,,3304,2026-04-09 14:43:58
实测即梦Octo，我和它开了个100%灵感剧本会,20260409,周四,https://mp.weixin.qq.com/s/AlvNWNry26kCKO-RuspKAw,微信-卡尔的AI沃茨,,3365,2026-04-10 13:56:29
把“靠谱”做成壁垒：德华模具的专利突围有多狠？,20260408,周三,https://mp.weixin.qq.com/s/ahhHv2bNswOFr8gEdx1zYg,微信-雅式橡塑网 AdsaleCPRJ,,233,2026-04-10 13:58:00
她控诉陈丽华 20 多年，祖宅被拆、官司屡败，这位蓝眼睛北京人，比女首富更该被铭记,20260410,周五,https://mp.weixin.qq.com/s/e5Ys5W-ZQMiZ0fA1owlLmA,微信-卉姐,,238,2026-04-11 12:20:36
绕月飞船漏气了，但四名宇航员安全回家了,20260410,周五,https://mp.weixin.qq.com/s/TCkpRYDvHOetF7ET0KT4Cw,微信-北美打油哥,,242,2026-04-12 16:34:24
可算有个视频Agent做短剧能不剪辑直出100集了，还有不限速Seedance2.0,20260411,周六,https://mp.weixin.qq.com/s/QwgWzY4nVEESR606rOmXKw,微信-卡尔的AI沃茨,,3421,2026-04-13 01:20:02
跟AI说话要憋死！不能停顿、不能有噪音，全双工才是人用的,20260410,周五,https://mp.weixin.qq.com/s/uO1wC89NovTaLEncuXcmDQ,微信-AI变革,,3422,2026-04-13 01:20:02
OpenAI的叛逃者，造就全球估值第二的AI独角兽—Anthropic的传奇,20260413,周一,https://mp.weixin.qq.com/s/4dCuGpfFrXkz2obEJ0-ayw,微信-勇说数智,,3439,2026-04-13 15:45:15
Mythos造假/Opus降智/Agent新平台，Anthropic所有更新一次性看懂,20260413,周一,https://mp.weixin.qq.com/s/IPl6TOuakRD5LzYoLEnpAA,微信-卡尔的AI沃茨,,3450,2026-04-13 19:53:26
实测TapNow x Seedance2.0爆款神器，再次开启高含金量赛事,20260406,周一,https://mp.weixin.qq.com/s/v_yc2_2qktspBvpJN2cIDA,微信-AI创业伙伴,,3452,2026-04-13 19:53:26
为什么说NASA是全人类的文明之光,20260413,周一,https://mp.weixin.qq.com/s/Kio-Ih-ANolELlyAYLziZQ,微信-庐山烟雨小书屋,,248,2026-04-13 19:54:42
我以为在 Vibe Coding，其实一直在被 YC 面试,20260414,周二,https://mp.weixin.qq.com/s/KLQv9JWnXx505z-IZFQYkA,微信-AI产品榜,,3476,2026-04-14 16:46:36
漕河泾的年轻人,20260414,周二,https://mp.weixin.qq.com/s/fOzOwjLbw_saZ9FTwmAFfQ,微信-游戏研究社,,3496,2026-04-15 14:14:13
医疗AI五强竞逐：OpenAI ChatGPT Health如何成为AI医疗的“独立王国”,20260407,周二,https://mp.weixin.qq.com/s/hT3y4Sc2bf3hbi7AE1MQnA,微信-珍立拍,,3499,2026-04-15 14:14:13
不靠感觉不靠投票，我用 Agent 做了一套社群贡献排名系统 | 搭建一家Agent First公司（三）,20260407,周二,https://mp.weixin.qq.com/s/VTMzNVAU-CLK6o4YB18SIg,微信-AI产品黄叔,,3505,2026-04-15 16:03:23
,,,https://www.xiaohongshu.com/discovery/item/69d50582000000001f000932?app_platform=android&ignoreEngage=true&app_version=9.19.4&share_from_user_hidden=true&xsec_source=app_share&type=normal&xsec_token=CB4MB-GpPU6qIYCGNaMTu1HW9wYRnNCdnU1mqaTD59-No%3D&author_share=1&xhsshare=&shareRedId=ODdIOUY2Ozk2NzUyOTgwNjczOTdKSDc8&apptime=1775577254&share_id=4a5893782eb14f488a1cfe8a46955112&share_channel=wechat#pushState,APP-小红书,,3506,2026-04-15 16:03:23
我把微信 cli 开源了，群消息终于不用爬楼了！,20260408,周三,https://mp.weixin.qq.com/s/J-nzvyL07VWyKEJyfDEXwQ,微信-苍何,,3508,2026-04-15 16:03:23
MiniMax 发布 MMX-CLI：为 Agent 设计的全模态命令行工具,20260409,周四,https://mp.weixin.qq.com/s/d067bWUdhqYwvfehoYKtVw,微信-MiniMax 稀宇科技,,3509,2026-04-15 16:03:23
分享免费使用企查查的方法,20260410,周五,https://mp.weixin.qq.com/s/za49eMnqyXLs4zgLNX7BoA,微信-康康查风险,,263,2026-04-17 20:14:23
击败95%人类专家！OpenAI生命科学模型GPTRosalind进入新药发现快车道,20260419,周日,https://mp.weixin.qq.com/s/pXD4vLV1rR3XoAGyan3SfA,微信-算泥,,3604,2026-04-20 01:15:42
小时候追的超兽武装，被 AI 一点点带到了现实里,20260413,周一,https://mp.weixin.qq.com/s/BoLiPQxSnlCzJFceK5pcHg,微信-AI产品普洱,,3615,2026-04-20 14:46:24
介绍一下，这是我做的PPT Agent,20260317,周二,https://mp.weixin.qq.com/s/r9Z27U140UtaJvFovPCSTA,微信-三顿,,3635,2026-04-21 17:42:52
还在纠结“龙虾”还是“爱马仕”吗？火山引擎 ArkClaw 让选择不再困难,20260421,周二,https://mp.weixin.qq.com/s/eKPTpBTwOaAS8dRFRb_5VA,微信-火山引擎Agent社区,,3653,2026-04-22 16:03:33
我挖到了Kimi K2.6+Hermes的六个神技巧，这下多Agent 24h组队干活真成了,20260422,周三,https://mp.weixin.qq.com/s/taVyFyuxwsSlf7YPkYTUUQ,微信-卡尔的AI沃茨,,3664,2026-04-22 21:36:57
AI UX体验革命：用户如何从操作员转移到监督员,20260422,周三,https://mp.weixin.qq.com/s/eVJLc5cdVv05B-8AK4v0Qg,微信-AIGC从0到1,,3670,2026-04-23 04:29:08
越用越聪明？Hermes Agent 自进化机制深度体验：从安装到 Skill 自动生成全流程,20260422,周三,https://mp.weixin.qq.com/s/mNfld1cRhvJk66ffU_Pzjg,微信-SuperAI编程,,3673,2026-04-23 04:29:08
你尿尿的时长是不是21秒？2次登上Nature封面的他，靠研究拉尿获得“诺贝尔奖”......,20260418,周六,https://mp.weixin.qq.com/s/wqN9QlY8oJSLrOWOEBvbrA,微信-超级数学建模,,270,2026-04-23 07:24:05
Claude design 连夜突袭设计圈！一句话生成 UI，搞崩 Figma、Adobe 市值,20260419,周日,https://mp.weixin.qq.com/s/SpjewJogJIHFrnIPmmSRhA,微信-AI星踪岛 星探,,3686,2026-04-23 20:22:06
刚刚！Generic Agent 中文教程发布！比Hermes省10倍Token,20260423,周四,https://mp.weixin.qq.com/s/D76ipiGcg__56Lx0Rjs4Iw,微信-Datawhale,,3695,2026-04-24 17:47:17
让代码数了数女儿脑袋里的英语单词,20260424,周五,https://mp.weixin.qq.com/s/gMkfVNOVar4EUar0-2T0kw,微信-AI产品榜,,3701,2026-04-24 17:47:17
DeepSeek-V4 预览版：迈入百万上下文普惠时代,20260424,周五,https://mp.weixin.qq.com/s/8bxXqS2R8Fx5-1TLDBiEDg,微信-DeepSeek,,3705,2026-04-24 17:47:17
震撼！三甲医院心内科每天放号近3000个，凌晨还在看门诊！患者：应该限号，医生猝死找谁看病？13年里163个过劳猝死，门诊量大需要解决,20260403,周五,https://mp.weixin.qq.com/s/_BDYPuSaNbXGt948JF5TWw,微信-梅斯医学,,273,2026-04-24 19:21:18
Xiaomi MiMo-V2.5 系列大模型开启公测,20260423,周四,https://mp.weixin.qq.com/s/ikHvKgVeLILebVMWeF1amQ,微信-Xiaomi MiMo,,3719,2026-04-24 19:33:29
太好用了！在Claude Code Desktop 中使用第三方API的最新保姆级教程,20260425,周六,https://mp.weixin.qq.com/s/DyF_z3lqnt7sRCfQRQeYpQ,微信-字节笔记本,,3740,2026-04-26 04:09:06
Skill创作手记：我把公众号文章的 DNA封装成了排版的 Claude Skill,20260421,周二,https://mp.weixin.qq.com/s/8QBlHzsfpJ7uOUDtc6fZZQ,微信-Lulu的会客厅,,3743,2026-04-26 04:09:06
Web Access：一个Skill，拉满Agent联网和浏览器能力,20260323,周一,https://mp.weixin.qq.com/s/rps5YVB6TchT9npAaIWKCw,微信-一泽Eze,Pin,3749,2026-04-26 22:18:38
全员 token-maxxing，一场没人敢停的军备竞赛,20260426,周日,https://mp.weixin.qq.com/s/kwErGjX231e2efVWhERzTw,微信-晚点LatePost,,3754,2026-04-27 02:02:20
如何把Obsidian Web Clipper价值最大化？,20260422,周三,https://mp.weixin.qq.com/s/hoVUGb-ZHagyD0BlVFsOSA,微信-Next蔡蔡,,3755,2026-04-27 16:17:34
AI时代数据可信流通产业周期洞察报告 ( 2026 ),20260427,周一,https://mp.weixin.qq.com/s/l3ggb0wnJgHJBdO5z1LULw,微信-艾瑞咨询,,3761,2026-04-27 19:24:14
2026 全球软件行业展望：Agentic AI 掀起产业三大变局,20260427,周一,https://mp.weixin.qq.com/s/YROkYSk4YUD64xVrSxNgiA,微信-王吉伟,,3762,2026-04-27 19:24:14
AI时代的双系统：慢系统建能力，快系统放大,20260427,周一,https://mp.weixin.qq.com/s/_AaQxZ8f_I6W_6oU_tZcQg,微信-睿思赛博AI进化场,,3776,2026-04-28 11:21:34
都说AI要革设计师的命，我却靠它多接了一倍的单,20260423,周四,https://mp.weixin.qq.com/s/Jw1pw1Bq8n0_4CzsSzt_3Q,微信-AI变革,,3787,2026-04-29 03:54:40
Agent可以替你相亲，找对象了！,20260429,周三,https://mp.weixin.qq.com/s/6TYHBRaMk985tbeZi0jbIA,微信-AI产品分析,,3824,2026-04-29 16:52:51
GPT-5.5为啥能让OpenAI一雪前耻，超深度拆解GPT-5.5,20260424,周五,https://mp.weixin.qq.com/s/k51gSkScK7nXC_dCxsuxdw,微信-AI变革,,3837,2026-04-29 16:52:51
DeepSeek多模态真的来了？识图模式已开始小范围灰度,20260429,周三,https://mp.weixin.qq.com/s/kvOKbpc-7CfJjgfdUZ3zcA,微信-DeepTech深科技,,3900,2026-04-30 13:27:47
,,,https://mp.weixin.qq.com/s/8rGuLfmdrd7XRPKdVKY6EQ,微信X失效,,3902,2026-04-30 22:52:35
拆解Hindsight如何让AI拥有“可进化的经验”,20260501,周五,https://mp.weixin.qq.com/s/38AGs1L3IxPrKCm2EZiB6A,微信-AIGC从0到1,,3943,2026-05-01 16:13:17
紧急预警：热门AI训练框架 Lightning 的 PyPI 包遭供应链投毒攻击，数百万开发者受影响,20260501,周五,https://mp.weixin.qq.com/s/TWbzCvglwxaGa3J_BepFBQ,微信-AGI安全,,3946,2026-05-01 16:13:17
紧急预警：热门AI训练框架 Lightning 的 PyPI 包遭供应链投毒攻击，数百万开发者受影响,20260501,周五,https://mp.weixin.qq.com/s/TWbzCvglwxaGa3J_BepFBQ,微信-AGI安全,,3952,2026-05-01 16:13:17
Karpathy炉边对话4.29：Agentic Engineering,20260502,周六,https://mp.weixin.qq.com/s/5f9ZGY8FXTC2SGVcGK4M4A,微信-AIGC从0到1,,3962,2026-05-03 01:52:18
白宫发帖：两个国王！查尔斯演讲巧妙反击…,20260429,周三,https://mp.weixin.qq.com/s/LjUvab2gvmL-o9EL7j0L9w,微信-凤凰欧洲,,311,2026-05-03 01:53:51
懂王Skill：Agent和你都能懂的自进化AI日报,20260503,周日,https://mp.weixin.qq.com/s/IL8KQsXXywMMBffqEkm64A,微信-卡尔的AI沃茨,,3984,2026-05-04 10:23:22
你知道ima可以创建Agent了吗？,20260430,周四,https://mp.weixin.qq.com/s/32aPCj1c6Ckqzr21SEJDsg,微信-ima.copilot,,3997,2026-05-06 03:52:14
宾大：有限元思想革新物理神经网络，软子层在PDE逆问题学习中实现高效的高阶导数计算,20260505,周二,https://mp.weixin.qq.com/s/btteWXSzVsQ097Hfe_Rfrw,微信-清熙,,4024,2026-05-07 12:35:41
华尔街最烦的10件事，Anthropic全做成了Agent,20260506,周三,https://mp.weixin.qq.com/s/xWTcxsmPyxbJtOAclkpA3Q,微信-深思SenseAI,,4051,2026-05-07 12:35:41
Claude 8.4亿狂奔34%、百度DuMate飙升114%、智谱Zai登顶国内增速榜！AI产品榜·网站榜 2026.04,20260508,周五,https://mp.weixin.qq.com/s/k3wQSvgmipA09_5rcV3EQA,微信-AI产品榜,,4108,2026-05-08 13:22:33
Redis之父下场，给DeepSeek V4单独造了一台推理引擎,20260508,周五,https://mp.weixin.qq.com/s/9X0bcfUGZYxoXuQwt89zkQ,微信-量子位,,4134,2026-05-09 19:18:35
全球的“聪明钱”正集体涌入这7大未上市公司，为什么？,20260507,周四,https://mp.weixin.qq.com/s/9FU8zAmguYJH-boU_fYYbw,微信-TOP创新区研究院,,4135,2026-05-09 19:18:35
Agent架构的未来:从单体智能到协作生态的演进之路（2.1万字）,20260509,周六,https://mp.weixin.qq.com/s/gAYfok3_8MKwiOaSYm5j7g,微信-AIGC从0到1,,4140,2026-05-09 19:18:35
算中心液冷技术全链路解析：从原理到落地的体系化进阶,20260509,周六,https://mp.weixin.qq.com/s/sKcxb8AUDff_5Y5m88RyxA,微信-智启云圈,,4142,2026-05-09 19:18:35
Agent架构的未来:从单体智能到协作生态的演进之路（2.1万字）,20260509,周六,https://mp.weixin.qq.com/s/gAYfok3_8MKwiOaSYm5j7g,微信-AIGC从0到1,,4143,2026-05-09 19:18:35
高盛：AI是否泡沫，要看接下来5年的7.6万亿美元基建,20260510,周日,https://mp.weixin.qq.com/s/kOG2J__mZzYQf5SMy_CoIg,微信-算泥,,4173,2026-05-13 20:03:37
实测！AI短剧创作全流程，快来看我的超爽逆袭短剧[潜龙归位],20260508,周五,https://mp.weixin.qq.com/s/1RnMIDm1mwIjULE1TFjVzg,微信-AI变革,,4181,2026-05-13 20:03:37
施耐德、森马和钉钉：Agent该如何扛起企业KPI？,20260511,周一,https://mp.weixin.qq.com/s/c9ITOCgDi4TFCj963CsdWQ,微信-虎嗅智库服务,,4207,2026-05-13 20:03:37
大模型越做越大，面壁智能反手做了个小100倍还能看图的,20260513,周三,https://mp.weixin.qq.com/s/-KrW4cYQcRG1VwwN6TF9Zw,微信-卡尔的AI沃茨,,4216,2026-05-13 20:03:37
扣子编程上线“收钱” Skill：你的网站应用能一键开通支付了,20260513,周三,https://mp.weixin.qq.com/s/LE6toGB_RPgCACSd_mFheA,微信-扣子Coze,,4220,2026-05-13 20:03:37
AI大瓜，Hermes Agent确认被投毒！密码泄漏风险高危！,20260513,周三,https://mp.weixin.qq.com/s/4Qq4oRm2KXThKRHdyGuQ4w,微信-JackCui,,4254,2026-05-23 18:01:59
嘉宾分享：AI Coding 的下一道坎，不是模型，而是工程化,20260516,周六,https://mp.weixin.qq.com/s/Xudr-fi54981A2wciM4FQQ,微信-张和专业讲AI,,4262,2026-05-23 18:01:59
《“睿思德”：临床人工智能决策支持系统的部署前安全评估框架》,20260516,周六,https://mp.weixin.qq.com/s/NNTbTbQlu8o0oFYihqeRRA,微信-数字医疗,,4263,2026-05-23 18:01:59
实测！AI短剧创作全流程，快来看我的超爽逆袭短剧[潜龙归位],20260508,周五,https://mp.weixin.qq.com/s/1RnMIDm1mwIjULE1TFjVzg,微信-AI变革,,4266,2026-05-23 18:01:59
打水漂：一个真实的人，追逐Agent演化脉络的记录,20260516,周六,https://mp.weixin.qq.com/s/UClezqQ0LouPPFYKhAjotA,微信-AIGC从0到1,,4277,2026-05-23 18:01:59
嘉宾分享：AI Coding 的下一道坎，不是模型，而是工程化,20260516,周六,https://mp.weixin.qq.com/s/Xudr-fi54981A2wciM4FQQ,微信-张和专业讲AI,,4291,2026-05-23 18:01:59
财务必看：零代码实战！搭建财务分析智能体（全程图文 + 可复用模板）,20260518,周一,https://mp.weixin.qq.com/s/sGRB-5Rv5KVfXIyG2YZsJA,微信-昶睿AI Agent,,4303,2026-05-23 18:01:59
始智AI-Agentverse上线!让你的Agent 加入一个真正的数字社会,20260517,周日,https://mp.weixin.qq.com/s/2u6OPi2D18zEaYsPStEkZw,微信-始智AI wisemodel,,4323,2026-05-23 18:01:59
Dify 团队协作上线：Workflow 从个人画布到多人共建,20260513,周三,https://mp.weixin.qq.com/s/NruMiW-syrHd6BT98WXgvg,微信-Dify,,4325,2026-05-23 18:01:59
Agentic ERP：下一代企业操作系统架构全解析,20260519,周二,https://mp.weixin.qq.com/s/0Rrb-K7sNo2B9y51jwL0oA,微信-王吉伟,,4339,2026-05-23 18:01:59
「一切皆可 Skill」｜SOLO 技能创作赛正式开启！,20260512,周二,https://mp.weixin.qq.com/s/tutPFfvCq5NPzWITdXt6Yw,微信-TRAE.ai,,4345,2026-05-23 18:01:59
OpenAI 狂砸40亿美刀下场抢FDE，软件工程师的尽头原来是驻场啊,20260512,周二,https://mp.weixin.qq.com/s/HaV5Jh8KjkJinVtliI_qrg,微信-InfoQ,,4346,2026-05-23 18:01:59
刚刚，微信群聊能一键总结了,20260513,周三,https://mp.weixin.qq.com/s/oHd_srJv3C9AXhZY_-eJcw,微信-腾讯,,4347,2026-05-23 18:01:59
豆包输入法正式上线，完全免费,20260513,周三,https://mp.weixin.qq.com/s/OVSKxiF0cV5PdfCBqSjCVg,微信X失效,,4348,2026-05-23 18:01:59
把我看笑了,20260511,周一,https://mp.weixin.qq.com/s/73YY89nRlV7bY-kIKC27PQ,微信X失效,,4349,2026-05-23 18:01:59
AI大瓜，Hermes Agent确认被投毒！密码泄漏风险高危！,20260513,周三,https://mp.weixin.qq.com/s/4Qq4oRm2KXThKRHdyGuQ4w,微信-JackCui,,4350,2026-05-23 18:01:59
"这个 Agent Team，终于不是""角色扮演""了",20260514,周四,https://mp.weixin.qq.com/s/jSBg3-63n-ks3b5W-jzubg,微信-AI产品黄叔,,4351,2026-05-23 18:01:59
弃 Markdown、用 HTML 做视频-Anthropic、HeyGen 为什么突然都在用 HTML？,20260520,周三,https://mp.weixin.qq.com/s/L3f7PciKFOdPJw8zkjqz3w,微信-月鹿造物,,4378,2026-05-23 18:01:59
Qwen3.7：智能体新前沿,20260520,周三,https://mp.weixin.qq.com/s/aAWHw7itcNx9pIEinZIOPA,微信-千问大模型,,4380,2026-05-23 18:01:59
《用于罕见病诊断与风险基因优先排序的多功能AI智能体系统》,20260520,周三,https://mp.weixin.qq.com/s/Ht6io-2CB-NQ50ycjhsP-Q,微信-数字医疗,,4384,2026-05-23 18:01:59
做 AI 漫剧和真人短剧，其实就是一回事,20260520,周三,https://mp.weixin.qq.com/s/AElubqc5Wbm68xKluVtqlw,微信-羊羊AI视频,,4389,2026-05-23 18:01:59
『书生』科学大模型Intern-S2-Preview开源！,20260519,周二,https://mp.weixin.qq.com/s/gD7U0eUZcz3-vJ56YgjR9Q,微信-始智AI wisemodel,,4394,2026-05-23 18:01:59
Github 超4000个内部仓库被TeamPCP 入侵！,20260520,周三,https://mp.weixin.qq.com/s/6OF0ETWaWkyTSc2g-lbiQw,微信-AGI安全,,4398,2026-05-23 18:01:59
算力租赁，狂欢下的冷思考：是下一个“共享经济”泡沫，还是AI时代的“水电煤”机遇？,20260521,周四,https://mp.weixin.qq.com/s/WEjt00obQEFo9sv_lriAqw,微信-勇敢姐飙AI,,4403,2026-05-23 18:01:59
19天卖了近亿元，机器狗真能进家庭吗？｜向上向新,20260512,周二,https://mp.weixin.qq.com/s/BcxJlg5483IWonWhFSTVUg,微信-AGI接口,,4406,2026-05-23 18:01:59
一个肄业博士，40天拉下5位院长：学术造假的遮羞布，被一把AI撕碎了,20260513,周三,https://mp.weixin.qq.com/s/gcadJ4GlB3n1QGcKgWqXJQ,微信-空谈不误国,,345,2026-05-23 18:09:11
中俄元首会晤成果文件清单,20260521,周四,https://mp.weixin.qq.com/s/1k5oZOtz9st8YDMbvgUZgw,微信-求是网,,367,2026-05-23 18:09:11
PicoClaw 入门：轻量级个人 AI 助手,20260524,周日,https://www.drpang.ai/picoclaw-lightweight-ai-assistant,Web_OT,,4426,2026-05-25 02:55:15
今日头条,,,https://m.toutiao.com/article/7643028993847099940,头条OT,,4438,2026-05-28 01:30:51
那个参加我是歌手的传奇「胡彦斌」开始 Vibe Coding 了,20260525,周一,https://mp.weixin.qq.com/s/g7s32hi3c2lu9OsBghfK8Q,微信-AI产品分析,,4445,2026-05-28 01:30:51
拆解完火遍全球的《丧尸清道夫》，我发现普通人做 AI 视频，第一步根本不是写剧本,20260525,周一,https://mp.weixin.qq.com/s/7VR3x_hjkUcGKTbLLs7wlQ,微信-西羊石AI视频,,4446,2026-05-28 01:30:51
Claude Design这类AI高保真原型工具，对产品经理和设计师来说，到底是威胁还是机遇？我们应该如何正确看待它们,20260510,周日,https://mp.weixin.qq.com/s/CuAQHgoqmaaMKWOrZuDlMw,微信-知果日记,,4448,2026-05-28 01:30:51
老板如何获得AI员工 #01 ：为什么传统公司组织结构，正在被 AI 重构？,20260525,周一,https://mp.weixin.qq.com/s/ZGhJUoiDRZ_gXUppxrCI9g,微信-AI职员实验室,,4467,2026-05-28 01:30:51
6 小时，5561 个GitHub 公开仓库被植入后门！,20260525,周一,https://mp.weixin.qq.com/s/ZIKrY62X81GXg2X_MKGBmA,微信-AGI安全,,4475,2026-05-28 01:30:51
英伟达开源深度研究引擎：企业级数据不出门，研究自动做,20260526,周二,https://mp.weixin.qq.com/s/NQWdZgs_4XOm2eQuLkTJdw,微信-算泥,,4495,2026-05-28 01:30:51
OpenClaw如何接入始智AI Agent世界,20260526,周二,https://mp.weixin.qq.com/s/yzWUArDCGR4oEU0uq5jVYQ,微信-始智AI wisemodel,,4510,2026-05-28 01:30:51
2亿人开始跟AI聊钱，人类的钱焦虑，AI接住了吗？,20260519,周二,https://mp.weixin.qq.com/s/OMXsQsf9hwLuBXIdq5mRgQ,微信-AI创业伙伴,,4525,2026-05-30 04:04:57
飞书画板拯救我！一句话生成可编辑图表，Agent、飞书都能用,20260527,周三,https://mp.weixin.qq.com/s/g73H-xQCSOMx251e2b4nfw,微信-AI变革,,4528,2026-05-30 04:04:57
李开复内部讲话：今年15亿订单，2027年IPO｜独家,20260528,周四,https://mp.weixin.qq.com/s/XljPcYrye-krJqIW3UCcMg,微信-AGI接口,,4530,2026-05-30 04:04:57
Snowflake财报透视企业AI：收入增速加速至34%，全年增长预期上调至31%，演进为企业级智能控制平面，引领企业AI下一阶段！,20260528,周四,https://mp.weixin.qq.com/s/ymMAiiqwDF6RyDhkLxj2hg,微信-王铮Silvia,,4549,2026-05-30 04:04:57
极左，为什么是人类一次又一次踏进的深坑,20260529,周五,https://mp.weixin.qq.com/s/4XrSI2UBMlz6-dioe7iBMw,微信-海边的西塞罗,,388,2026-05-30 04:06:26
老板如何获得AI员工 #05 : 老板不懂A2A，你怎么做生意，你的下一个客户可能不是“人”,20260529,周五,https://mp.weixin.qq.com/s/uGiz7ZFXtb9BA0lrsq-E4Q,微信-AI职员实验室,,4561,2026-05-30 14:51:54
万字长文：个人如何用 Obsidian 搭建本地知识库——从入门到构建你的「第二大脑」,20260414,周二,https://mp.weixin.qq.com/s/SPLTD-hFAsyYAA7V1lU8OA,微信-CIT云原生,Pin,4562,2026-05-30 14:51:54
非哥工具箱 - AI工具、效率软件与素材资源库,,,https://www.feige177.com,,,4568,2026-05-31 11:25:28
戴尔财报透视AI需求：营收增长88%，积压订单513亿美元，客户正积极升级计算能力、扩容存储并更新个人电脑，应对下一代工作负载挑战！,20260529,周五,https://mp.weixin.qq.com/s/JgeVeiltXzfpCA2056z0Tg,微信-王铮Silvia,,4571,2026-05-31 11:25:28
Opus 4.8 刚发布，被DHH和Redis之父当场拆台：跑分赢了GPT-5.5，但编码王座不稳了,20260529,周五,https://mp.weixin.qq.com/s/mfSD-oq-kFjYff1GAnbo5A,微信-InfoQ,,4597,2026-06-03 14:05:12
MiniMax M3：前沿 Coding 能力、1M 上下文、原生多模态，一个模型全给你,20260601,周一,https://mp.weixin.qq.com/s/JbjyiXI0kP2Wlqbd-q0www,微信-MiniMax 稀宇科技,,4626,2026-06-03 14:05:12
独立创作者在人工智能时代的优势,20260603,周三,https://mp.weixin.qq.com/s/VIpahxInHvqIkNqG4ltH3Q,微信-屠龙之术,,4646,2026-06-05 03:52:03
OpenAI最新报告：Codex正重塑所有知识工作,20260603,周三,https://mp.weixin.qq.com/s/Nw_4A0o1DZ-9TuNJ3twa7g,微信X失效,,4647,2026-06-05 03:52:03
摧毁经济的不是AI，是管制和通胀！,20260602,周二,https://mp.weixin.qq.com/s/lxj-0GHbLcp5c1ac_B06oQ,微信-代价研究僧,,402,2026-06-06 16:42:01
AI恐慌，是一场闹剧,20260603,周三,https://mp.weixin.qq.com/s/_kNSvSv0SBoO8Z6DwsYkVQ,微信-奥派老古,,4677,2026-06-06 16:43:01
AI 让软件无限供给以后，真正稀缺的是什么？,20260606,周六,https://mp.weixin.qq.com/s/SJkDWzi8TTXavCGGG0ImgQ,微信-AIGC从0到1,,4693,2026-06-07 16:37:52
《2026未来医疗就绪度调研报告：患者、医生和护士眼中的AI——相似的工具，不同的路径，同一个目标》,20260606,周六,https://mp.weixin.qq.com/s/uAN7gPnJAYO7NNLE9Rdb6Q,微信-数字医疗,,4694,2026-06-07 16:37:52
伟大的接班人，都在背叛前任,20260421,周二,https://mp.weixin.qq.com/s/YjB3WEIqnc0NZw5q2je2DQ,微信-版面之外,,425,2026-06-10 21:54:14
48k Star 的 AI 开发神器！用 BMAD 组建你的专属 AI 研发团队,20260606,周六,https://mp.weixin.qq.com/s/FzERqqRaAMA4QEkNy7kbWA,微信-SuperAI编程,,4752,2026-06-10 21:55:12
我发现一个能让 AI Agent 自由操作浏览器的开源项目,20260605,周五,https://mp.weixin.qq.com/s/XQc-qBI-7fv3QlLDzm_Kuw,微信-开源工具社,,4753,2026-06-10 21:55:12
国产脑机视网膜突破：失明21年患者重获光明，中国技术打破海外垄断,20260610,周三,https://mp.weixin.qq.com/s/Flgyqk5Ryk-ue06v0HdnuA,微信-勇说数智,,4777,2026-06-10 21:55:12
我用 GPT-Image2 一个人跑通了香港线下展会设计全流程,20260608,周一,https://mp.weixin.qq.com/s/HaGDDMchwLAqZUWV-LzaOA,微信-小鹿AI视频,,4782,2026-06-10 21:55:12
AI 的token账单，终于藏不住了,20260611,周四,https://mp.weixin.qq.com/s/k1PPT3O_2E7sWJjwAUYesQ,微信-AIGC从0到1,,4808,2026-06-12 04:12:01
微信小程序 AI 能力接入详细开发教程,20260611,周四,https://mp.weixin.qq.com/s/OkXaqe5FQXwHiOpDTcYq1Q,微信-AI产品分析,,4810,2026-06-12 04:12:01
为什么有了AI，你反而更忙了？,20260611,周四,https://mp.weixin.qq.com/s/gPsiUMXaTEDffk8ywzTpMQ,微信-睿思赛博AI进化场,,4818,2026-06-12 04:12:01
时薪21000，Claude Fable 5 让我等穷人感到绝望,20260611,周四,https://mp.weixin.qq.com/s/zTPkql8mDy4hZBbRnDxoJw,微信-神奇犸鲸Magic,,4819,2026-06-12 04:12:01
全网最深入的Agent时代评测体系：变与不变,20260607,周日,https://izux3goqsa.feishu.cn/wiki/SDcHwnNraiVyBwkEwhbcuwKrnLc,飞书OT分享,,4829,2026-06-12 23:31:46
发现针对 OpenClaw 的新型攻击可导致数据泄露！,20260612,周五,https://mp.weixin.qq.com/s/OBrIE3wlKBBwbz267mh-ug,微信-AGI安全,,4838,2026-06-12 23:31:46
GLM-5.2来了，Claude Code百万上下文怎么配？,20260613,周六,https://mp.weixin.qq.com/s/3LJFPj729P_VoGmVSzl7iA,微信-老金带你玩AI,,4862,2026-06-15 04:08:05
实测OiiOii 2.0，10分钟复刻电影还是保守了,20260615,周一,https://mp.weixin.qq.com/s/JcCt9Ls5E5WnpjP4UOaODg,微信-卡尔的AI沃茨,,4873,2026-06-18 01:03:34
个人效率起飞，公司原地踏步！企业AI应用究竟卡在哪了？,20260608,周一,https://mp.weixin.qq.com/s/oNU9v_9mjE1pwVx8iVPdXw,微信-数智转型架构师,,4883,2026-06-18 01:03:34
从Kimi信用卡说起：Token经济绕过技术死穴的巧妙一跳,20260615,周一,https://mp.weixin.qq.com/s/myVB-IS9hFGorOrMTNPgZw,微信-勇敢姐飙AI,,4887,2026-06-18 01:03:34
OiiOii升级2.0，用上智能画布，我才感到在创作，不是给AI打工,20260615,周一,https://mp.weixin.qq.com/s/1QEjMHvdWbz6VItxEOMnkQ,微信-AI变革,,4915,2026-06-18 01:03:34
《揭开医疗人工智能的神秘面纱：医疗卫生政策制定者须知》,20260617,周三,https://mp.weixin.qq.com/s/wSOc16Sq3Nv38XDesGBc8A,微信-数字医疗,,4918,2026-06-18 01:03:34
