链接,标题,日期,星期,来源,精选日期,异常信息
https://mp.weixin.qq.com/s/terONs3RrstGJ9O3achg1w,「未来硅世界16期」：tw93的开源故事和经验,20260523,周六,微信-AI不插电,20260523,
https://waytoagi.feishu.cn/wiki/TsU1wH3nTi2oMfkKOrjczF5gnoh,「未来硅世界16期」：tw93的开源故事和经验,20260523,周六,飞书-通往AGI之路,20260523,
https://x.com/HiTw93,JavaScript is not available.,20260523,\,Web-X,20260523,
https://github.com/tw93,tw93 (Tw93) · GitHub,20260523,\,Web-GitHub,20260523,
https://mp.weixin.qq.com/s/sA20Zc74FYWxKOu9Nu-T1Q,拆解 Anthropic：最好的 AI 公司，可能也是一种组织发明,20260520,周三,微信-海外独角兽,20260523,
https://waytoagi.feishu.cn/wiki/Iof5woq0ciYFpZkjXX5cUNsCnAy,拆解 Anthropic：最好的 AI 公司，可能也是一种组织发明,20260523,周六,飞书-通往AGI之路,20260523,
https://waytoagi.feishu.cn/wiki/ByypwsWa4iWwMYke19xc0ewMnac,2026 年必须理解的 20 个 AI 概念,20260523,周六,飞书-通往AGI之路,20260523,
https://x.com/sairahul1/status/2057740928908161461,JavaScript is not available.,20260523,\,Web-X,20260523,
https://mp.weixin.qq.com/s/q7WlpIORMaL1C7YATwK4zQ,一文搞懂如何在Codex中使用goals,20260519,周二,微信-AI寒武纪,20260523,
https://waytoagi.feishu.cn/wiki/LNptwQNkximL7WkgrTocywHen2e,一文搞懂如何在Codex中使用goals,20260523,周六,飞书-通往AGI之路,20260523,
https://developers.openai.com/cookbook/examples/codex/using_goals_in_codex,Using Goals in Codex,20260523,\,,20260523,未提取来源信息
https://mp.weixin.qq.com/s/_lTTf-x0S_IIJo-XNq3-8Q,实测！用 Codex 精准还原 Figma 设计稿，保姆级教程来了！,20260523,周六,微信-AI星踪岛 星探,20260523,
https://waytoagi.feishu.cn/wiki/EY5gw4B0OiZuLQkMLsIcZTV9nnb,实测！用 Codex 精准还原 Figma 设计稿，保姆级教程来了！,20260523,周六,飞书-通往AGI之路,20260523,
https://mp.weixin.qq.com/s?__biz=MzYzMzEyMTU5NA==&mid=2247484260&idx=1&sn=d09764f877f578ec683a934714a68caa,实测，GPT Image 2 出UI设计图，Codex 帮我做出来并部署实现上线了！,20260519,周二,微信-AI星踪岛 星探,20260523,
https://mp.weixin.qq.com/s/_1Can1SGcLPsJVyJ_h5r4w,Hermes 出了个叫 Bundle 的东西，我的 7 步发文流程直接压成了 1 步,20260523,周六,微信-林月半子的AI笔记,20260523,
https://waytoagi.feishu.cn/wiki/RCtcww5UxitMGmk3iF5cP68VnIg,Hermes 出了个叫 Bundle 的东西，我的 7 步发文流程直接压成了 1 步,20260523,周六,飞书-通往AGI之路,20260523,
https://mp.weixin.qq.com/s/DHjZ4IF_RLRBP9Pmf9Idsw,Railway创始人：35 人团队如何服务300万用户丨Latent Space,20260523,周六,微信-晚点再听LaterCast,20260523,
https://waytoagi.feishu.cn/wiki/FaCPwh4hgip5OMkRsnucFMoxn6c,Railway创始人：35 人团队如何服务300万用户丨Latent Space,20260523,周六,飞书-通往AGI之路,20260523,
https://www.youtube.com/watch?v=LzCUYNP5UTI,"The Agent-Native Cloud: 3M Users, 100K Signups/Wk, Data Centers, & Death PRs — Jake Cooper, Railway - YouTube",20260520,周三,Web-Youtube,20260523,
