公众号,链接,标题,错误类型,错误信息,记录时间
机器之心,,,抓取失败,第 1 页 offset=0 请求失败,2026-04-15 17:37:21
机器之心,,,抓取失败,第 1 页 offset=0 请求失败,2026-04-15 18:52:36
机器之心,,,抓取失败,第 1 页 offset=0 请求失败,2026-04-15 19:05:40
机器之心,,,抓取失败,第 1 页 offset=0 请求失败,2026-04-15 19:08:33
智东西,https://mp.weixin.qq.com/s?__biz=MzA4MTQ4NjQzMw==&mid=2652800921&idx=1&sn=5c13bbf92202d0ba4527dd6ae883aaaa&chksm=847e1097b3099981186076960b258da5839f63d2273325df018ead4cd1b80eedbbecbc47bcca,机器人学会看仪表盘干活了！谷歌深夜放大招，任务成功率狂飙至93%,解析异常,未提取日期,2026-04-16 03:16:39
智东西,https://mp.weixin.qq.com/s?__biz=MzA4MTQ4NjQzMw==&mid=2652800931&idx=1&sn=033da79c65dc7ecc1c221fa67f72fd43&chksm=847e10adb30999bb892b86c5206b2c5fac9ef4ebe68ab3a7a914b27608f6a39bd5fed615f294,龙虾之后，Hermes Agent“一键部署”潮来了,解析异常,未提取日期,2026-04-16 03:16:39
智东西,https://mp.weixin.qq.com/s?__biz=MzA4MTQ4NjQzMw==&mid=2652800940&idx=1&sn=94912ee5648b43e5aaf05f0605b31cec&chksm=847e10a2b30999b4f1605eea0ea905283965ec87d0d72f9046e3fa304059f3ee0b3e7477085b,李飞飞又开源了！这次她让网页3D大场景“秒开”，在手机上就能看,解析异常,未提取日期,2026-04-16 03:16:39
智东西,https://mp.weixin.qq.com/s?__biz=MzA4MTQ4NjQzMw==&mid=2652800951&idx=1&sn=d41e343ee3dec2b48ea4ab4ee586b696&chksm=847e10b9b30999af8955b7d49e5a60f96f0442cab227c2822689c4dab56fc127c177aac5783f,大模型强化学习太慢？小红书开源新框架，全模态RL提速高达76%,解析异常,未提取日期,2026-04-16 03:16:39
智东西,https://mp.weixin.qq.com/s?__biz=MzA4MTQ4NjQzMw==&mid=2652800953&idx=1&sn=e9aec746f369b577118186141a82d652&chksm=847e10b7b30999a1727ba5ecdb97937ddb11c74f9dac85e89cb9a2b3f2d3363d371919b5b924,救命！我的老板是个AI，它正通过摄像头看我玩手机,解析异常,未提取日期,2026-04-16 03:16:39
智东西,https://mp.weixin.qq.com/s?__biz=MzA4MTQ4NjQzMw==&mid=2652800962&idx=1&sn=37087597616f8c1393838de1c1905299&chksm=847e10ccb30999da35c13a1edb4cafd4101e6949e232451bd12ee01bac1b677a17f5b4cf5efa,测试,解析异常,未提取日期,2026-04-16 03:16:39
智东西,https://mp.weixin.qq.com/s?__biz=MzA4MTQ4NjQzMw==&mid=2652800964&idx=1&sn=f7aa5a4077417e3e21dd5bec5ef598c0&chksm=847e10cab30999dc61b9d77de541c0d16795d1ff7c41a5cba1e8ac5f0d37259c786b46002989,1299分登顶！阿里“欢乐马”拿下视频编辑榜第一，超越Grok,解析异常,未提取日期,2026-04-16 03:16:39
智东西,https://mp.weixin.qq.com/s?__biz=MzA4MTQ4NjQzMw==&mid=2652800971&idx=1&sn=aca29a933a3c1e9c30b65e981b21dde3&chksm=847e10c5b30999d33919473f74573723d8f91091ae9c66603afef5ed754dbf5f0277c5bf4e25,龙虾之后，Hermes Agent“一键部署”潮来了,解析异常,未提取日期,2026-04-16 03:16:39
智东西,https://mp.weixin.qq.com/s?__biz=MzA4MTQ4NjQzMw==&mid=2652800977&idx=1&sn=a7a4552777870334f527ba85efc149e5&chksm=847e10dfb30999c9d2111c8bb6111b358033360098f7d09e60641a5f13d5de09208e0104f42b,龙虾之后，Hermes Agent“一键部署”潮来了,解析异常,未提取日期,2026-04-16 03:16:39
智东西,https://mp.weixin.qq.com/s?__biz=MzA4MTQ4NjQzMw==&mid=2652800979&idx=1&sn=f5ba20fad3ddcafb21f995d76c94ca48&chksm=847e10ddb30999cb9008c05e2186c7f2d59b7e8de5ae2d572de2e478ca6f6bfa2a7024d66e5a,龙虾之后，Hermes Agent“一键部署”潮来了,解析异常,未提取日期,2026-04-16 03:16:39
智东西,https://mp.weixin.qq.com/s?__biz=MzA4MTQ4NjQzMw==&mid=2652800981&idx=1&sn=e688832386e7cd16cd373a5899039cb9&chksm=847e10dbb30999cd0c88ca75f594ab81d2a5d827c0a9eb7abbecc5e4d140a349d8c699f97d35,龙虾之后，Hermes Agent“一键部署”潮来了,解析异常,未提取日期,2026-04-16 03:16:39
智东西,https://mp.weixin.qq.com/s?__biz=MzA4MTQ4NjQzMw==&mid=2652800983&idx=1&sn=29fb7635d88063f77033a69638ae4547&chksm=847e10d9b30999cfe9e5ba509b3aa23a67c30338ab99ec12f2ba17bbc36df9b279464926b797,龙虾之后，Hermes Agent“一键部署”潮来了,解析异常,未提取日期,2026-04-16 03:16:39
智东西,https://mp.weixin.qq.com/s?__biz=MzA4MTQ4NjQzMw==&mid=2652800921&idx=1&sn=5c13bbf92202d0ba4527dd6ae883aaaa&chksm=847e1097b3099981186076960b258da5839f63d2273325df018ead4cd1b80eedbbecbc47bcca,机器人学会看仪表盘干活了！谷歌深夜放大招，任务成功率狂飙至93%,解析异常,未提取日期,2026-04-16 03:32:34
智东西,https://mp.weixin.qq.com/s?__biz=MzA4MTQ4NjQzMw==&mid=2652800931&idx=1&sn=033da79c65dc7ecc1c221fa67f72fd43&chksm=847e10adb30999bb892b86c5206b2c5fac9ef4ebe68ab3a7a914b27608f6a39bd5fed615f294,龙虾之后，Hermes Agent“一键部署”潮来了,解析异常,未提取日期,2026-04-16 03:32:34
智东西,https://mp.weixin.qq.com/s?__biz=MzA4MTQ4NjQzMw==&mid=2652800940&idx=1&sn=94912ee5648b43e5aaf05f0605b31cec&chksm=847e10a2b30999b4f1605eea0ea905283965ec87d0d72f9046e3fa304059f3ee0b3e7477085b,李飞飞又开源了！这次她让网页3D大场景“秒开”，在手机上就能看,解析异常,未提取日期,2026-04-16 03:32:34
智东西,https://mp.weixin.qq.com/s?__biz=MzA4MTQ4NjQzMw==&mid=2652800802&idx=1&sn=72a825f740e37d8a15240d7f2d375751&chksm=847e102cb309993a0475cec58ccbe2e0be045f9dc74f0e7fbe8f98bdb47e266c88e6a1d76a47,创业失败13次后，他卖给了OpenAI,解析异常,未提取日期,2026-04-16 07:31:49
智东西,https://mp.weixin.qq.com/s?__biz=MzA4MTQ4NjQzMw==&mid=2652800804&idx=1&sn=2753c33b47a728a058c54baa88735970&chksm=847e102ab309993cdb042ff78a2190202452348a7935312c6d0eabfed4e0345783854bee8b9f,创业失败13次后，他卖给了OpenAI,解析异常,未提取日期,2026-04-16 07:31:49
智东西,https://mp.weixin.qq.com/s?__biz=MzA4MTQ4NjQzMw==&mid=2652800806&idx=1&sn=501fc053a38a1a5ce0209fad6e747270&chksm=847e1028b309993e49bc10147d4ce72c9f186777f7e138aa706cf832480be1c59def72d4f2fa,创业失败13次后，他卖给了OpenAI,解析异常,未提取日期,2026-04-16 07:31:49
智东西,https://mp.weixin.qq.com/s?__biz=MzA4MTQ4NjQzMw==&mid=2652800808&idx=1&sn=1c2bbfe251bf72341488579e6f267a5e&chksm=847e1026b3099930aef983b2bfcc4b0db58fe7b74ee93f5a1f2e3abedaeaa864a266a6ac6f55,刚刚，OpenAI收购一家创企，“算计”你兜里的钱,解析异常,未提取日期,2026-04-16 07:31:49
智东西,https://mp.weixin.qq.com/s?__biz=MzA4MTQ4NjQzMw==&mid=2652800826&idx=1&sn=39e6d49dcdd9c4c7ee5d12c7ebf6b414&chksm=847e1034b3099922eac6fcfea04b35bc035a9b6e961d81d7d401331e6938d5b755f28a3aa00b,教育界来了AI龙虾！帮老师做教案、给学生辅导作业，更懂教育的智能体来了？,解析异常,未提取日期,2026-04-16 07:31:49
智东西,https://mp.weixin.qq.com/s?__biz=MzA4MTQ4NjQzMw==&mid=2652800828&idx=1&sn=ef59b8726df8cefa9ea1c9c4188f18d7&chksm=847e1032b3099924220777e16aa13df7cb1871865bff26efb6aad4ab2626bad156a93b94e917,svg测试,解析异常,未提取日期,2026-04-16 07:31:49
智东西,https://mp.weixin.qq.com/s?__biz=MzA4MTQ4NjQzMw==&mid=2652800830&idx=1&sn=7061d32eeccf58d7b8272c7893223825&chksm=847e1030b309992612c4d87e349fb9214a6a7da4a79dbe741baf3fa9a1f50f8bc9215ba7defc,教育界来了AI龙虾！帮老师做教案、给学生辅导作业，更懂教育的智能体来了？,解析异常,未提取日期,2026-04-16 07:31:49
智东西,https://mp.weixin.qq.com/s?__biz=MzA4MTQ4NjQzMw==&mid=2652800832&idx=1&sn=59d8bba84a2aba601b34952377df5611&chksm=847e104eb3099958f87d8dd82f69b1030c54e84d7084460f2594996264040420064f031d86be,教育界来了AI龙虾！帮老师做教案、给学生辅导作业，更懂教育的智能体来了？,解析异常,未提取日期,2026-04-16 07:31:49
智东西,https://mp.weixin.qq.com/s?__biz=MzA4MTQ4NjQzMw==&mid=2652800834&idx=1&sn=6cc1fcc20e23fbade8df86b194cb1254&chksm=847e104cb309995a25921b61268ecb752dab81e5e63c58ae9d78c74b94120f08ad5632e8eea7,教育界来了AI龙虾！帮老师做教案、给学生辅导作业，更懂教育的智能体来了？,解析异常,未提取日期,2026-04-16 07:31:49
智东西,https://mp.weixin.qq.com/s?__biz=MzA4MTQ4NjQzMw==&mid=2652800836&idx=1&sn=c63ccb6d2d9dd185ae1b73331e32c28d&chksm=847e104ab309995c4f4f5d39ccb9a17c8fe34bb46ec1a1ef3f285feb078c6b7e97b7fd84b9bc,教育界来了AI龙虾！帮老师做教案、给学生辅导作业，更懂教育的智能体来了？,解析异常,未提取日期,2026-04-16 07:31:49
智东西,https://mp.weixin.qq.com/s?__biz=MzA4MTQ4NjQzMw==&mid=2652800838&idx=1&sn=3c498085505df4ac981814edeb1eb2f9&chksm=847e1048b309995ecec0fc47af4f694e882ef843bc0ef677a9aa39b558d5fb5abdf2da88c246,教育界来了AI龙虾！帮老师做教案、给学生辅导作业，更懂教育的智能体来了？,解析异常,未提取日期,2026-04-16 07:31:49
智东西,https://mp.weixin.qq.com/s?__biz=MzA4MTQ4NjQzMw==&mid=2652800840&idx=1&sn=7b0993c6e96e33918833dda8ff53be94&chksm=847e1046b3099950211d9d38068347aa736358cb29390367f64496f05eb68b85c2a392cbdc2d,教育界来了AI龙虾！帮老师做教案、给学生辅导作业，更懂教育的智能体来了？,解析异常,未提取日期,2026-04-16 07:31:49
智东西,https://mp.weixin.qq.com/s?__biz=MzA4MTQ4NjQzMw==&mid=2652800842&idx=1&sn=a1c4d3a6048ac024689de180aa4a0a3e&chksm=847e1044b3099952b31fe4037eb62aa378d0aaf7d4d4ee649f2b8cd60b41bcf1d9f3cd8f7b2e,教育界来了AI龙虾！帮老师做教案、给学生辅导作业，更懂教育的智能体来了？,解析异常,未提取日期,2026-04-16 07:31:49
智东西,https://mp.weixin.qq.com/s?__biz=MzA4MTQ4NjQzMw==&mid=2652800844&idx=1&sn=563ba993e791e249259960b07bb38bcd&chksm=847e1042b30999547d427f2764be06ca38c1b16d352d6b06c3e22684bdcb65ac45aa0e238945,教育界来了AI龙虾！帮老师做教案、给学生辅导作业，更懂教育的智能体来了？,解析异常,未提取日期,2026-04-16 07:31:49
智东西,https://mp.weixin.qq.com/s?__biz=MzA4MTQ4NjQzMw==&mid=2652800846&idx=1&sn=1c594e0124c34e00abe62c6718cfa1eb&chksm=847e1040b3099956e2753e4179b62d402376617e397ac590d822597b7d106ced7ef8d9436122,教育界来了AI龙虾！帮老师做教案、给学生辅导作业，更懂教育的智能体来了？,解析异常,未提取日期,2026-04-16 07:31:49
智东西,https://mp.weixin.qq.com/s?__biz=MzA4MTQ4NjQzMw==&mid=2652800848&idx=1&sn=bb60d37797a0006b1c3469f5ea4159a5&chksm=847e105eb3099948a866762f1a06f83bb27fe2d921705daff0e96d0561e86c2214954dc22063,教育界来了AI龙虾！帮老师做教案、给学生辅导作业，更懂教育的智能体来了？,解析异常,未提取日期,2026-04-16 07:31:49
智东西,https://mp.weixin.qq.com/s?__biz=MzA4MTQ4NjQzMw==&mid=2652800850&idx=1&sn=669fa6a3fbcda065803fd9bfbbf10f40&chksm=847e105cb309994ad1fc57c77d7b39764d6cdfc921a3bd44190a0f2222f095eea44eed6013d0,教育界来了AI龙虾！帮老师做教案、给学生辅导作业，更懂教育的智能体来了？,解析异常,未提取日期,2026-04-16 07:31:49
智东西,https://mp.weixin.qq.com/s?__biz=MzA4MTQ4NjQzMw==&mid=2652800852&idx=1&sn=8f875e846860fd3be7776710232ed1f9&chksm=847e105ab309994cf37d50237ea6bfcdfb766e6bcac00b402dfe9de1353f936f926d5263ba66,教育界来了AI龙虾！帮老师做教案、给学生辅导作业，更懂教育的智能体来了？,解析异常,未提取日期,2026-04-16 07:31:49
智东西,https://mp.weixin.qq.com/s?__biz=MzA4MTQ4NjQzMw==&mid=2652800854&idx=1&sn=b4f55b625d18733c8c0793ae9149f0f3&chksm=847e1058b309994e8f174ebd7d5e58b735a1db88ea7fcf5dceb86c082ca3b94decf8f85b77d2,教育界来了AI龙虾！帮老师做教案、给学生辅导作业，更懂教育的智能体来了？,解析异常,未提取日期,2026-04-16 07:31:49
智东西,https://mp.weixin.qq.com/s?__biz=MzA4MTQ4NjQzMw==&mid=2652800856&idx=1&sn=c1350f4ba039d72dd6ffc54a06906f9b&chksm=847e1056b3099940c85963d024ca7bcb34c0f18b35d49b55e86f32cc14c41985ebab110c9f5c,教育界来了AI龙虾！帮老师做教案、给学生辅导作业，更懂教育的智能体来了？,解析异常,未提取日期,2026-04-16 07:31:49
智东西,https://mp.weixin.qq.com/s?__biz=MzA4MTQ4NjQzMw==&mid=2652800858&idx=1&sn=94a07b395843ebf7e6351f9ff1845395&chksm=847e1054b30999427568a6d53a8dd889e163a02c2f30f6adc30692797f4634a476fd28ba1218,中科院“师兄弟”冲刺港股：做AI决策，干到全国第一，毛利率超50%,解析异常,未提取日期,2026-04-16 07:31:49
智东西,https://mp.weixin.qq.com/s?__biz=MzA4MTQ4NjQzMw==&mid=2652800873&idx=1&sn=7f202fefd5cafda5e5391273f146cc58&chksm=847e1067b3099971894981e762ba42e3e06918ed2ac05fbaf6f9bd28d8ba167f6a102fc9141a,教育界来了AI龙虾！帮老师做教案、给学生辅导作业，更懂教育的智能体来了？,解析异常,未提取日期,2026-04-16 07:31:49
智东西,https://mp.weixin.qq.com/s?__biz=MzA4MTQ4NjQzMw==&mid=2652800875&idx=1&sn=9b04f9d24cd0a64bc454a1300349e24f&chksm=847e1065b3099973839ab956b294f926c55a29a3aa7560db650fffec03558c13700684d1b38a,教育界来了AI龙虾！帮老师做教案、给学生辅导作业，更懂教育的智能体来了？,解析异常,未提取日期,2026-04-16 07:31:49
智东西,https://mp.weixin.qq.com/s?__biz=MzA4MTQ4NjQzMw==&mid=2652800884&idx=1&sn=e34bf8f60eb72aa4910174b75b778561&chksm=847e107ab309996c271786eef0b1736b3171cc7993126dd683edf4b9e5dfedaef4267bd879d9,CEO紧急组队，微软也要造“龙虾”了？,解析异常,未提取日期,2026-04-16 07:31:49
智东西,https://mp.weixin.qq.com/s?__biz=MzA4MTQ4NjQzMw==&mid=2652800886&idx=1&sn=525a836f4f1f3e15c5030b32d4941c57&chksm=847e1078b309996e06c8306af6bcf2008004271ad75a38b1200f4f0cb143076cb6eeb44cfdc1,微软龙虾计划曝光！纳德拉紧急拉12人精锐，挥刀重组Copilot，与Claude夺市场,解析异常,未提取日期,2026-04-16 07:31:49
智东西,https://mp.weixin.qq.com/s?__biz=MzA4MTQ4NjQzMw==&mid=2652800903&idx=1&sn=de7cc14ad264e8cdb199bd5d37000221&chksm=847e1089b309999f170de5d772a81835f5f65608a5c7993e86a59dbd9b2f6b5e7afd583ba845,救命！我的老板是个AI，它正通过摄像头看我玩手机,解析异常,未提取日期,2026-04-16 07:31:49
智东西,https://mp.weixin.qq.com/s?__biz=MzA4MTQ4NjQzMw==&mid=2652800906&idx=1&sn=7b2d5b25beb9ae85b000a72c7e0927d4&chksm=847e1084b3099992656a54ae88137e465c1dd429e73e0b3671c0a243fbc12811cd10938bc224,穿Prada的女魔头花了100万刀买服装，Vidu Q3用「参考生」把它变成了标配,解析异常,未提取日期,2026-04-16 07:31:49
智东西,https://mp.weixin.qq.com/s?__biz=MzA4MTQ4NjQzMw==&mid=2652800806&idx=1&sn=501fc053a38a1a5ce0209fad6e747270&chksm=847e1028b309993e49bc10147d4ce72c9f186777f7e138aa706cf832480be1c59def72d4f2fa,创业失败13次后，他卖给了OpenAI,解析异常,未提取日期,2026-04-16 08:13:26
智东西,https://mp.weixin.qq.com/s?__biz=MzA4MTQ4NjQzMw==&mid=2652800828&idx=1&sn=ef59b8726df8cefa9ea1c9c4188f18d7&chksm=847e1032b3099924220777e16aa13df7cb1871865bff26efb6aad4ab2626bad156a93b94e917,svg测试,解析异常,未提取日期,2026-04-16 08:13:26
智东西,https://mp.weixin.qq.com/s?__biz=MzA4MTQ4NjQzMw==&mid=2652800858&idx=1&sn=94a07b395843ebf7e6351f9ff1845395&chksm=847e1054b30999427568a6d53a8dd889e163a02c2f30f6adc30692797f4634a476fd28ba1218,中科院“师兄弟”冲刺港股：做AI决策，干到全国第一，毛利率超50%,解析异常,未提取日期,2026-04-16 08:13:26
智东西,https://mp.weixin.qq.com/s?__biz=MzA4MTQ4NjQzMw==&mid=2652800875&idx=1&sn=9b04f9d24cd0a64bc454a1300349e24f&chksm=847e1065b3099973839ab956b294f926c55a29a3aa7560db650fffec03558c13700684d1b38a,教育界来了AI龙虾！帮老师做教案、给学生辅导作业，更懂教育的智能体来了？,解析异常,未提取日期,2026-04-16 08:13:26
智东西,https://mp.weixin.qq.com/s?__biz=MzA4MTQ4NjQzMw==&mid=2652800884&idx=1&sn=e34bf8f60eb72aa4910174b75b778561&chksm=847e107ab309996c271786eef0b1736b3171cc7993126dd683edf4b9e5dfedaef4267bd879d9,CEO紧急组队，微软也要造“龙虾”了？,解析异常,未提取日期,2026-04-16 08:13:26
智东西,https://mp.weixin.qq.com/s?__biz=MzA4MTQ4NjQzMw==&mid=2652800903&idx=1&sn=de7cc14ad264e8cdb199bd5d37000221&chksm=847e1089b309999f170de5d772a81835f5f65608a5c7993e86a59dbd9b2f6b5e7afd583ba845,救命！我的老板是个AI，它正通过摄像头看我玩手机,解析异常,未提取日期,2026-04-16 08:13:26
智东西,https://mp.weixin.qq.com/s?__biz=MzA4MTQ4NjQzMw==&mid=2652800906&idx=1&sn=7b2d5b25beb9ae85b000a72c7e0927d4&chksm=847e1084b3099992656a54ae88137e465c1dd429e73e0b3671c0a243fbc12811cd10938bc224,穿Prada的女魔头花了100万刀买服装，Vidu Q3用「参考生」把它变成了标配,解析异常,未提取日期,2026-04-16 08:13:26
智东西,https://mp.weixin.qq.com/s?__biz=MzA4MTQ4NjQzMw==&mid=2652800806&idx=1&sn=501fc053a38a1a5ce0209fad6e747270&chksm=847e1028b309993e49bc10147d4ce72c9f186777f7e138aa706cf832480be1c59def72d4f2fa,创业失败13次后，他卖给了OpenAI,解析异常,未提取日期,2026-04-16 08:16:33
智东西,https://mp.weixin.qq.com/s?__biz=MzA4MTQ4NjQzMw==&mid=2652800828&idx=1&sn=ef59b8726df8cefa9ea1c9c4188f18d7&chksm=847e1032b3099924220777e16aa13df7cb1871865bff26efb6aad4ab2626bad156a93b94e917,svg测试,解析异常,未提取日期,2026-04-16 08:16:33
智东西,https://mp.weixin.qq.com/s?__biz=MzA4MTQ4NjQzMw==&mid=2652800858&idx=1&sn=94a07b395843ebf7e6351f9ff1845395&chksm=847e1054b30999427568a6d53a8dd889e163a02c2f30f6adc30692797f4634a476fd28ba1218,中科院“师兄弟”冲刺港股：做AI决策，干到全国第一，毛利率超50%,解析异常,未提取日期,2026-04-16 08:16:33
智东西,https://mp.weixin.qq.com/s?__biz=MzA4MTQ4NjQzMw==&mid=2652800875&idx=1&sn=9b04f9d24cd0a64bc454a1300349e24f&chksm=847e1065b3099973839ab956b294f926c55a29a3aa7560db650fffec03558c13700684d1b38a,教育界来了AI龙虾！帮老师做教案、给学生辅导作业，更懂教育的智能体来了？,解析异常,未提取日期,2026-04-16 08:16:33
智东西,https://mp.weixin.qq.com/s?__biz=MzA4MTQ4NjQzMw==&mid=2652800884&idx=1&sn=e34bf8f60eb72aa4910174b75b778561&chksm=847e107ab309996c271786eef0b1736b3171cc7993126dd683edf4b9e5dfedaef4267bd879d9,CEO紧急组队，微软也要造“龙虾”了？,解析异常,未提取日期,2026-04-16 08:16:33
智东西,https://mp.weixin.qq.com/s?__biz=MzA4MTQ4NjQzMw==&mid=2652800903&idx=1&sn=de7cc14ad264e8cdb199bd5d37000221&chksm=847e1089b309999f170de5d772a81835f5f65608a5c7993e86a59dbd9b2f6b5e7afd583ba845,救命！我的老板是个AI，它正通过摄像头看我玩手机,解析异常,未提取日期,2026-04-16 08:16:33
智东西,https://mp.weixin.qq.com/s?__biz=MzA4MTQ4NjQzMw==&mid=2652800906&idx=1&sn=7b2d5b25beb9ae85b000a72c7e0927d4&chksm=847e1084b3099992656a54ae88137e465c1dd429e73e0b3671c0a243fbc12811cd10938bc224,穿Prada的女魔头花了100万刀买服装，Vidu Q3用「参考生」把它变成了标配,解析异常,未提取日期,2026-04-16 08:16:33
量子位,https://mp.weixin.qq.com/s/o2rdOo24NnCSmwlWZXGMMw,和闫俊杰一起敲钟的她：31岁，身价48亿,解析异常,未提取日期,2026-04-16 20:12:46
量子位,https://mp.weixin.qq.com/s/zmOlSaYXTyypUp2eT3gchg,蚂蚁抛弃向量推荐！用8B小模型构建「用户“话”像」，实现跨模型通用并拿下SOTA,解析异常,未提取日期,2026-04-16 20:12:46
新智元,https://mp.weixin.qq.com/s/LUbih7OOqXhONVShFCsvkQ,美国AI一骑绝尘，中国平均落后7个月！Epoch AI新报告出炉,解析异常,未提取日期,2026-04-16 21:03:10
DeepTech深科技,https://mp.weixin.qq.com/s?__biz=MzA3NTIyODUzNA==&tempkey=MTM3MF8yaWExcnY2c1lqRUVCSmVsVlNXOVJpeVhwZWFoZlBLVURFYm5VNjNYcU14QkZaZUpZS3Rad05mWXNlM2JRUmw5bFgzT2I1djRGRTRyZkwxb05Hd1EtNkxDRk1rMW1pMFBKN0x2b01oYTJBbWdqMnBCbjJNTEVGLWZLYXpzMmR5ZmVvQV9kTWxkb0Q1VmYtM0g2OG1jSzJEMVMwU3lud0QwUHB0akt3fn4%3D&chksm=877784dcb0000dcae14b093ca09d8abde309b0142121065d60740bd700ac1b84443d1f9d45dc,为什么中国要一口气申报20万颗卫星？,解析异常,未提取日期,2026-04-16 21:16:11
DeepTech深科技,https://mp.weixin.qq.com/s?__biz=MzA3NTIyODUzNA==&tempkey=MTM3MF82NllOQVVrdWNkZXRlZEREVlNXOVJpeVhwZWFoZlBLVURFYm5VNjNYcU14QkZaZUpZS3Rad05mWXNlMkxSeE5zZjlzWUxJeGhRbXNKU0NrTkZHZ0NKVHVUaFY3RlQ3RlNFR1BTRDFRR0V4ZG83Y2xzamdWZmtEdHo1RUZBQS1OVnoyUnZma21vaF9pOFVmY3BQT0JDeEtWUm9fSUJsQ0JKT2JyUFhBfn4%3D&chksm=877784dcb0000dcac814a0e79ff9fd195ea0491d4c69a9bf401da91ab566306617fc65e8d898,上交00后和团队造出机器人眼球，让机器人也有主动视觉系统,解析异常,未提取日期,2026-04-16 21:16:11
DeepTech深科技,https://mp.weixin.qq.com/s?__biz=MzA3NTIyODUzNA==&tempkey=MTM3MF9WS3F5SzBoRVNUbi9YMm9yVlNXOVJpeVhwZWFoZlBLVURFYm5VNjNYcU14QkZaZUpZS3Rad05mWXNlMnpDeVZyWm9EdXFOREFwaC1vVXdTcHVna1BEWVMzb1dFUWVaTEZHWUZEckJVT1BsX0dyX1RwQ1hDZC02ZTItQTFUalFKRjhmclVRR3h5c2YyNTVMd2NQR1dlYUxLMTFZU2VfZWdFU29fOUNnfn4%3D&chksm=87778528b0000c3e014af2e62b062b0358d7909084257781f0a941d2d49eb9d0d9fb92f5e343,哈佛辍学生挑战英伟达！靠一块AI芯片狂揽50亿美元估值,解析异常,未提取日期,2026-04-16 21:16:11
DeepTech深科技,https://mp.weixin.qq.com/s?__biz=MzA3NTIyODUzNA==&tempkey=MTM3MF93Um1TdVBMTTJvbUpWSFRlVlNXOVJpeVhwZWFoZlBLVURFYm5VNjNYcU14QkZaZUpZS3Rad05mWXNlMWdJZ0h0SGNRYW8xdWZRQnExWHBNVjlMVjJlN3ZDQUFKTDI2UUVyYUJQSmJac0xLTGd6ZTVvMHMzbnJjTWVDdVhxejB2eEZOVnZfVDZHOVF4UjRCQUFzQ281bXcxTnlJVG5XeGFVeUxmQXN3fn4%3D&chksm=87778542b0000c54e3c568566f157fbdc8d8eace148337aac3b6b6e0d763a46a2e314ff31210,Gemini重大更新：能翻邮件能查搜索记录，AI开始记住你的一切,解析异常,未提取日期,2026-04-16 21:16:11
DeepTech深科技,https://mp.weixin.qq.com/s?__biz=MzA3NTIyODUzNA==&tempkey=MTM3MF9iUndidyt2WnFWY0ZOSlNtVlNXOVJpeVhwZWFoZlBLVURFYm5VNjNYcU14QkZaZUpZS3Rad05mWXNlMk0zN0UyVVNKS3paMzJ6NHlfNmhKYW1WLVVvUExGQ0h1eVpLQ29sZmJXc08tSVFGQmFuVzlFNGRWSGJ1YzhkSUlWQ0tHd2h5QlNSUF9qVlFEbmpHdWdZejRQdmtsb1dSdGNGZTItNGx3dG1nfn4%3D&chksm=877785eab0000cfcb405277f0a46d77c1f265e9e30e77d7fa29b35f4183d60c13c4209afecc6,深度解读“下一代核能”：当AI开始抢电，全世界重新押注核电丨2026年十大突破性技术,解析异常,未提取日期,2026-04-16 21:16:11
DeepTech深科技,https://mp.weixin.qq.com/s?__biz=MzA3NTIyODUzNA==&tempkey=MTM3MF8xWnhDb2tkOWtaUURPWjFRVlNXOVJpeVhwZWFoZlBLVURFYm5VNjNYcU14QkZaZUpZS3Rad05mWXNlMHcxbHRtakZUc0loV0pVWHY3M0lMWHJqdjVGdWhKUk9scExqVHoxb2ZXdFZBTVJSa2JnOHEwdlJiRlptZEUtWHFVd2pwMFUwbnlGbi1CQVFHazg2c1ZCYmUxTW9nMDhzSjlvTWJxMGZ3SVJRfn4%3D&chksm=87778617b0000f0106f3bc2f7ae1e6698ddd816cea875f4ed5da082514e495dc6effc254fb58,GPT独立破解数论猜想的背后：答案藏在80年前的论文里,解析异常,未提取日期,2026-04-16 21:16:11
MindCode,https://mp.weixin.qq.com/s?__biz=MzAxNTYwMzcyNw==&tempkey=MTM3MF9ReVYrUnNGQm54eWpmY1g2VDJ2UGpiNGs0OTRnUEJsTGY2MHJwZFRvdGlETnpkdmpZcEN3amM4NjNJQ2hjR0lJc3FKUnllR21XOWVLd3dRaWJSUExyY3ZTblFUSl9tVE4za25PZlh6NUV6RlN4bE9wa1FMM1lCeHVIZWNIem5NQ21yOG1JTUFtLTRtdzJmc3lmbndwdGpTaDlRckVkV3N4X2lHeXhnfn4%3D&chksm=9b80c8e1acf741f7f1c05e8c8779ff420439ba7949d38963fc0458a422c51d9e524cabf17c9a,MindCode企图心俱乐部正在恢复原价中…，已经有不少人加入了,解析异常,未提取日期,2026-04-16 21:21:07
MindCode,https://mp.weixin.qq.com/s?__biz=MzAxNTYwMzcyNw==&tempkey=MTM3MF9tREJoTCtqN2xESFlrMmQ4VDJ2UGpiNGs0OTRnUEJsTGY2MHJwZFRvdGlETnpkdmpZcEN3amM4NjNJRGZ1NTl4T3hablpMWEQzX09kNjZtNnFWVXpRV3QzYTBnY2tScU9lSHowZVM4amljTkhSUHBZSHNHOHBjSzVSWHBXMDlYYXpUcWxKNFowMXBSRUNsMG5MOUlXckZsdFFNYnlfV2lxdWNaWkpRfn4%3D&chksm=9b80c8e7acf741f1dd271930c18ad5f571b44ab13c603b7d6a4666e8696a4881985bf54e7ae7,Wake Up(唤醒你的心)，MindCode企图心俱乐部 · 线上训练营2026-No.1,解析异常,未提取日期,2026-04-16 21:21:07
MindCode,https://mp.weixin.qq.com/s?__biz=MzAxNTYwMzcyNw==&tempkey=MTM3MF9YMTdHWW80WkZkR25tODE3VDJ2UGpiNGs0OTRnUEJsTGY2MHJwZFRvdGlETnpkdmpZcEN3amM4NjNJQjdBZVQ4SzZncnd2N2M1NXpfQWJWQ013eFVXd3VXakdVY3p0WlRIeEFmSVFxenRSOTc0Z3p3V1AtenhXN3ctMlB3SzU3SkpDREZsRmxTU2JzdWpVSnR2S0ZjN3czVW1ZU0otdXBCMGZzcHhBfn4%3D&chksm=9b80c884acf741925e1934d03ae78eadf6e2aed12bb8892f993594ae09b554f23c5e8ab5aec2,什么？心识宇宙（Mindverse）收购了马卡龙（Macaron AI）？不会吧！,解析异常,未提取日期,2026-04-16 21:21:07
MindCode,https://mp.weixin.qq.com/s?__biz=MzAxNTYwMzcyNw==&tempkey=MTM3MF9tZGlkZXdTQ1gwUzRWSjVNVDJ2UGpiNGs0OTRnUEJsTGY2MHJwZFRvdGlETnpkdmpZcEN3amM4NjNJQTBkTEZkRndYNm1vX3VNazBpOG9zREZPd2NYSnd4M3pmOEJFdlRfdlhfV2lmSHBGMHdUaE1NQ013OWNnWTdMeUoySnYxb25uWWlKWHdPRWl0OGRfZEdQTU1GZjFtalBZVU02TWxndUQtdzZBfn4%3D&chksm=9b80c886acf74190b2492e6f10b2b053c72fa525a93b7be1573d3627f3e6bf937b07c0366897,也许…仅仅是也许，你并不是真的需要用Clawdbot，你也不是真的觉得它必须搭配Mac mini，你只是觉得终于找到了一个买Mac mini的理由罢了。[旺柴][旺柴],解析异常,未提取日期,2026-04-16 21:21:07
白鲸出海,https://mp.weixin.qq.com/s?__biz=MzA3NTQ4NjczNw==&tempkey=MTM3MF8xdmlXQzJFQkpteHJkYjIzSkJyeXV2NTRsZi1YUEdKeFlPZDZQNVVWSF8yOXd2U0ZKeFc4RVhqNEFZc21VLXpOejBaZGJwUUZGcm9ycWFyT3RkQy03Q0hyb1FlRS1rTmxYcmRnSjMwZnpGZFhDaDduemxVcnY0ZzE5V0EzbmlMWXhVbHJiS0hPdU85TzFZT1Z2ZUVpMlBidlZDSy1IUTBiVGt6ejJRfn4%3D&chksm=87657f9ab012f68cb47a386ecbd952fec34929d1d43bf0b6fe5a467e1d7bf02bcf8ccf19a445,Discord已秘密递交IPO申请，外媒称国内相关部门对Manus收购交易启动审查｜一句话看出海新鲜事,解析异常,未提取日期,2026-04-16 21:34:36
白鲸出海,https://mp.weixin.qq.com/s/Yd0RERPCnqqqZIAMHxNPYA,深圳公司靠透明手机壳年入过亿，30美金一个卖爆海外,解析异常,未提取日期,2026-04-16 21:34:36
极客公园,https://mp.weixin.qq.com/s?__biz=MTMwNDMwODQ0MQ==&tempkey=MTM3MF9GUzg3bXlGSVVwSlpUUFUrZDdmU0c3LXhJeFZOTklRcXFrbEdXZnZyS2tDQ1ZkTDRwX0Q4dldtTlFKc29odEhGN3ZRS0Vray1kSVFKYjRzSmZIUGxwWHR4bFJpNHB0UXFqaUt6N0NuUTdpdDNNTDFNM01LdEJFSFZ6SmR3c2Ztb1h0VzNkZGhxTzdPRXd5UEFORjlqdTE1LTQ3cVVmdXV3MmdXRWZnfn4%3D&chksm=7e5670804921f9962daaf6e4f02695f228c4b415471cee2c1719ce94f6455bda8accea789371,OpenAI 开放最强编程模型；李斌：新年加大投入推动 AI 全业务链落地；「死了么」App 下架国区苹果商店｜极客早知道,解析异常,未提取日期,2026-04-16 21:40:07
极客公园,https://mp.weixin.qq.com/s?__biz=MTMwNDMwODQ0MQ==&tempkey=MTM3MF9YS1cyQS9UOFplM3dkSDFCZDdmU0c3LXhJeFZOTklRcXFrbEdXZnZyS2tDQ1ZkTDRwX0Q4dldtTlFKdVV6OFZyQkx2cl9wcVB3ajFWMlFNV0Q0TTUxNm5aR3lEaHR4QkE3X3lUMmRfeUVlLTA3MEhadGJ2WTV0RldQSWxmdEJCelVOd1hZRE4yMW8wUk96TVZ3bHQ2Tzlkam95R0dMcGVVWFdMZV9Rfn4%3D&chksm=7e5672ea4921fbfc86c298520c08b2d2adf26d3abe3a306ed19912cd1d5e2b97e08b7edf48dc,Claude 推出跨应用交互功能，支持 Figma 等；马化腾谈腾讯 AI 战略：点评千问、豆包手机；阿里发布新一代千问旗舰推理模型 | 极客早知道,解析异常,未提取日期,2026-04-16 21:40:07
极客公园,https://mp.weixin.qq.com/s?__biz=MTMwNDMwODQ0MQ==&tempkey=MTM3MF84aFBkT3RUMnBFZUpvdmtxZDdmU0c3LXhJeFZOTklRcXFrbEdXZnZyS2tDQ1ZkTDRwX0Q4dldtTlFKdWJQR05LSTd1TGRGcmxVT2c3WEhINTJpbFhJeUM1VktOeUpzQ0VXQ2JHWVpGWXpWaE1FQXoxaUwwTUlfYTZiOS1ZbzUxaXBYYTJsV3ZiazVNZExiZFAzdlE3U09FbHRnSVNiV1ZaRVhNX1NRfn4%3D&chksm=7e5672eb4921fbfda2e7335d123091ea19e627ecb2582fb6039d0b2e71e2d0a53385431b347f,Claude 推出跨应用交互功能，支持 Figma 等；马化腾谈腾讯 AI 战略：点评千问、豆包手机；阿里发布新一代千问旗舰推理模型 | 极客早知道,解析异常,未提取日期,2026-04-16 21:40:07
极客公园,https://mp.weixin.qq.com/s?__biz=MTMwNDMwODQ0MQ==&tempkey=MTM3MF9OZWNKTVR6WUplWlN0MFVUZDdmU0c3LXhJeFZOTklRcXFrbEdXZnZyS2tDQ1ZkTDRwX0Q4dldtTlFKdXNpNmlqbk9qcHp0d1dVc0lGWmNNTVB5ZE0xMnBEeHp6MkNCcFZwX1QxUlhybXhodkFmUUJvXy1Qbi1uUGdMVURpcHNjd29adWRKWXNTcXpvNUVhcWJhSTlqWlZ6WEVxazRXQ19jTTBHbk1Bfn4%3D&chksm=7e5672e84921fbfe9e66c90fefda72a2768921292390ef912b596966b8e13bc62b831386f382,Claude 推出跨应用交互功能，支持 Figma 等；马化腾谈腾讯 AI 战略；阿里发布新一代千问旗舰推理模型 | 极客早知道,解析异常,未提取日期,2026-04-16 21:40:07
极客公园,https://mp.weixin.qq.com/s?__biz=MTMwNDMwODQ0MQ==&tempkey=MTM3MF9vaXdyYnc1S1RiRS8yOEVzZDdmU0c3LXhJeFZOTklRcXFrbEdXZnZyS2tDQ1ZkTDRwX0Q4dldtTlFKc0NtcWcwZ3FGa3lJWlN4bGpVckt3djVXd3p1c1RDbWZGUy1OeU9GMjJTczhYQXlFdUxVVXJ2dEpnMWt3QmU5SmJWUG9Lb1VyRHN5VDBaWk8xd3k5dWhnU0ktVFNsZVRBZC1nVnBySlFRZWJnfn4%3D&chksm=7e56727a4921fb6c556e0d1a709b7a15ab7aff9d77e601cce38e7bcf6c17e41e6b73d49d7c4c,曝黄仁勋访华取得成果，首批 H200 芯片订单获批；马斯克：特斯拉 Model S 和 X 即将停产；阿里云上线 Clawdbot 全套云服务｜极客早知道,解析异常,未提取日期,2026-04-16 21:40:07
极客公园,https://mp.weixin.qq.com/s?__biz=MTMwNDMwODQ0MQ==&tempkey=MTM3MF96cWJjSGNHTTZWSHhVREVyZDdmU0c3LXhJeFZOTklRcXFrbEdXZnZyS2tDQ1ZkTDRwX0Q4dldtTlFKdm9VcjhVeWhyOTBPd051aTdQMTFTLWFZbTM1Vm1Yd3JUZkZ3aTdic1pYT1V1eTZJUG1QaU13V1Z5VlctbUxMS3NWb2c4V0NqWHdyWEdYdm5vZ2NabFRBYlhKdm5MbndsODlzM1RPbG11S3pRfn4%3D&chksm=7e56727b4921fb6d7ef5e192a089ba737a6ef6437e11bc57e8b8a66da913dd00160800c958c5,曝黄仁勋访华取得成果，首批 H200 芯片订单获批；马斯克：特斯拉 Model S 和 X 即将停产；阿里云上线 Clawdbot 全套云服务｜极客早知道,解析异常,未提取日期,2026-04-16 21:40:07
赛博禅心,https://mp.weixin.qq.com/s?__biz=MzkzNDQxOTU2MQ==&tempkey=MTM3MF9WMnVQMVU2M2NQL2kwWjlmTm1GVE1QRVVFSVRUSU10TlNFZi1hOExHZy02UU5vMGZVUzNZNzJwUDBIa1M2MDBFSVppTjhmWVRKX1ZYc21DRXlXcXpKdTc2SFJyWnN2dlVNenVoOGsyallBaXhqUzhYbm1pRTB0YkN2elZibm85a09qUTZ3UXNRcEZBaFoySmhzTVFpNTN1N01VbF91RXR6b3l2WnRRfn4%3D&chksm=c2bf6629f5c8ef3f531cabcadf12b88212433e0eba103b29debd2df6c90325e9c3bd679fcb7e,新的一年，祝大家大橘大利（声音，来自大橘子）,解析异常,未提取日期,2026-04-16 21:46:30
赛博禅心,https://mp.weixin.qq.com/s?__biz=MzkzNDQxOTU2MQ==&tempkey=MTM3MF9nemFZTzhyL21XWlNWOHVTTm1GVE1QRVVFSVRUSU10TlNFZi1hOExHZy02UU5vMGZVUzNZNzJwUDBIbFNiSGxQQ2Z2YkhQYjNRRWJhUHRsTFhvUWI5ME12RjJ6RmFDaUJqcDJqNXkyY2ZLR2hRQUVaSk9NQ3l4bFdOOGpLSHVZVE1jR3M1UHZHdzVvYjB2YkpXa0NRLXo1RTRfSDhqNlB5N2dxdW53fn4%3D&chksm=c2bf614af5c8e85cc7a53cc01a5b47d53d5415995ca3156eb65008e0736db7663de35068e8b4,今天在 AGI Bar，与智谱核心研发面对面,解析异常,未提取日期,2026-04-16 21:46:30
赛博禅心,https://mp.weixin.qq.com/s?__biz=MzkzNDQxOTU2MQ==&tempkey=MTM3MF96Umw5d0VRRjZ1bjVUeG1nTm1GVE1QRVVFSVRUSU10TlNFZi1hOExHZy02UU5vMGZVUzNZNzJwUDBIbWpNTTJMNEtvYy1BeXQ0S3JzZ0VPZUFILWFIS0l3elJDLVNmdFJPVVplWkZvVmgyQ2lNaGVoZVlscmpBVXA5Q3oxS1ZhcUx1OUpmWERyMG5SQXhkZUZuM2xGa0JIZ01lUkVOZnpySTBqNlRnfn4%3D&chksm=c2bf609bf5c8e98d9a42b79cec5cac1599580aff1ccc4948ca735518c1cc30b018188c071acb,OpenAI 内部报告：DeepSeek 发布后的一年,解析异常,未提取日期,2026-04-16 21:46:30
赛博禅心,https://mp.weixin.qq.com/s?__biz=MzkzNDQxOTU2MQ==&tempkey=MTM3MF9HTngwdUsxNlpBUkdvQmg4Tm1GVE1QRVVFSVRUSU10TlNFZi1hOExHZy02UU5vMGZVUzNZNzJwUDBIa01QMjFzV1ZFZ09CRDBKQnpFRnQ0Z0dwUGEyMDZkX01mdDVDTzZzN1VWd2pHLTlCcXE0c3k0TzNVN3lwLTFEaGR1ckJnbUxHU3ZNWVFqcXdSNkhWMENGTTZXeTd1ODN1djdvTXpQbmJFZEtBfn4%3D&chksm=c2bf633ff5c8ea29c7a3663843281f2aae38cc4b4956830aee825f3e6a416da3c20705cda6b8,克林顿的竞选操盘手，在 OpenAI 写了份「美国中期选举」攻略,解析异常,未提取日期,2026-04-16 21:46:30
赛博禅心,https://mp.weixin.qq.com/s?__biz=MzkzNDQxOTU2MQ==&tempkey=MTM3MF9UTFFXSDFpanpTRjVkNlJKTm1GVE1QRVVFSVRUSU10TlNFZi1hOExHZy02UU5vMGZVUzNZNzJwUDBIbktsWHhTU0dQaUNXVDE1OTJUTVpNdUxsWWktS2l5RF9HLWNua013c3Q4bHpNX1NxeUp5b3J0Q2tldnlIVXNUVmc4dUVYalVGZDVXTEtlZElyekdqbUZjS1NvNGd6amNSX3ppN1pWcXdlenRBfn4%3D&chksm=c2bf6385f5c8ea93df8e033be9f7a7da7c7a94af5b1f61cc402b02cbfbd64355f827b0caf762,微信 AI 新功能，正在灰度,解析异常,未提取日期,2026-04-16 21:46:30
赛博禅心,https://mp.weixin.qq.com/s?__biz=MzkzNDQxOTU2MQ==&tempkey=MTM3MF9VVHN1SWVvSDNwZzFTTHhETm1GVE1QRVVFSVRUSU10TlNFZi1hOExHZy02UU5vMGZVUzNZNzJwUDBIbVdFVUI2VFJmWHpjQ1FCQVdlT0QtNFVPZzNxUlpGTV94ejlUN0NMSXBiNWlKOXNVQkxNY2xIVTd0b3gyeXN3eTFidVZtSFAxSUhNaWdaclhxa1c1bGg1SUgwZzFncEN3UFlWa3VQYjUyQjVnfn4%3D&chksm=c2bf63acf5c8eaba19566749abd979fc47fc2921f956b9306825b695d6c61183286dfecf9b24,印奇，正式掌舵阶跃,解析异常,未提取日期,2026-04-16 21:46:30
赛博禅心,https://mp.weixin.qq.com/s?__biz=MzkzNDQxOTU2MQ==&tempkey=MTM3MF96K2dRVU9BLzRGcUd0aWE5Tm1GVE1QRVVFSVRUSU10TlNFZi1hOExHZy02UU5vMGZVUzNZNzJwUDBIblFKQXhhcE5DN3pQWm5tLVRJMmx6U0cxRlpOdnB2Ykt0alR5Y0FmNDFwLVFmd1hkX2JuOVRGYlR6VXZ3RURIcGxNZ1F3S2l3M1Faak1FU2xCN0tiY0RadDhXUTFnVkxWZm5WMXIyNzlwZWNBfn4%3D&chksm=c2bf63a8f5c8eabea610119d9dfbf0f25f800f82b3466eab5a407e1693ae0155ff81c4d2f37a,印奇，正式掌舵阶跃,解析异常,未提取日期,2026-04-16 21:46:30
赛博禅心,https://mp.weixin.qq.com/s?__biz=MzkzNDQxOTU2MQ==&tempkey=MTM3MF9QVTlQczFyclFicnhEbVA1Tm1GVE1QRVVFSVRUSU10TlNFZi1hOExHZy02UU5vMGZVUzNZNzJwUDBIbGVtcUgyVEUxajdaLWtNN2FRMXJwcW1sU0l4R2E2X29kY3I0WGRDV1pXcW1NSjhXeWhBVDF5Z0x1cEZQSmhvMFB2UTlhRjJGNmJMVU45a3BVZS1vVEVYeERiWUxnVzNzV2gydzY0ZXhMbENBfn4%3D&chksm=c2bf63b7f5c8eaa1438134902828c2cc3a80975e8578037b1785ba3f11bcaada70c3bf19bdf9,印奇，掌舵【阶跃星辰】，并带来了 50 个亿,解析异常,未提取日期,2026-04-16 21:46:30
深思圈,https://mp.weixin.qq.com/s?__biz=Mzg3NDc2MjQxMg==&tempkey=MTM3MF83QnAyNXBMbm9XWGZ6M0tLYzlFS0JXMHlMc1ZzT2RGbnNoaTFwS3lvc0RqdENlellhVDVUNkNsbC1VMl9ZMTFYTnBOOFc5QkRMWHZmZXptdTB1NlhKUy1uYjB6T1N6U0xqaDB3Ym9XSEd4WFMzc1VJWnl0b2d3NVRwMURXaGdKcXJJdnplOXR2UU41SUIwMm5Rd3lUSzViNmFGTW44Q2pBS3BfS3R3fn4%3D&chksm=cec97f18f9bef60e93186673751e8dd1a0676bc8061f3e858bc71e00808ca4d57e37b5c887a1,岗位名称也能成为壁垒？谁先给AI岗位起个好名字，谁就赢了人才争夺战,解析异常,未提取日期,2026-04-16 21:49:20
王吉伟,https://mp.weixin.qq.com/s?__biz=MzA5NjMzODEwNQ==&tempkey=MTM3MF9JaU8rUHE5THplR01yWHZsb2RYcjU5S3luNkNtLUVEV0VSUXJoUmZmLW1EUXd5N3JUT0oySnhqei1sYXJ6QlJrcW9DQ1NxWEt3SUh5amNzS0Q1TW45QUJYbnE0ZldtRjJvaEtSWWxMc1Azd0kyWTNZbk5RTWlWYVBDZWNCUm4zSDRuVUZUNEdOWGgySVVwdTMyaVUxbWlSck1Za0xEV3JzYlBVOHBBfn4%3D&chksm=88b9eac8bfce63de4e49241f149bebc707bcc07227ed7d0fa5186e71e2c43c22b38343417fa0,年薪98w！全体数字化从业者的新方向，工资高前景好！,解析异常,未提取日期,2026-04-16 21:52:47
王吉伟,https://mp.weixin.qq.com/s/0ltEWAZBXR4ds_lufxgHgg,数字化的招聘市场已经疯掉了,解析异常,未提取日期,2026-04-16 21:52:47
量子位,https://mp.weixin.qq.com/s/q-Ulq6VirT6Do3samXjyZA,3090张标注图表，让3B小模型在图表评估领域超越GPT-5,解析异常,未提取日期,2026-04-16 22:05:25
量子位,https://mp.weixin.qq.com/s/zuGHf-U-uH7C4HrA7AWLUg,AI编程真面目：完整项目通过率仅27% | 上交大新基准,解析异常,未提取日期,2026-04-16 22:05:25
DeepTech深科技,https://mp.weixin.qq.com/s?__biz=MzA3NTIyODUzNA==&tempkey=MTM3MF9uVDhLM3FWeEFFcmRMKzI5VlNXOVJpeVhwZWFoZlBLVURFYm5VNjNYcU14QkZaZUpZS3Rad05mWXNlMzhkZFF1M1RFV1R1cFhHQmtjTUZMRUpmb3FQdGJtNS1zWFZ2ZUY1bUI4R0RXZkxBcjlDUjJndGRubkEzMEJCblJrck4wcGhFLVYwNkJJSWo5aktna0ZvSzU4SEQ1OWQyaTFsd3pETkVqVFZBfn4%3D&chksm=87778319b0000a0f1d80cd6d4c5f8f1798a439fcab4213cc170a2a768de01e12a4ba8fe6da0f,四分之一物理系面临关门，经费大幅削减：英国基础物理或迎来最严重危机,解析异常,未提取日期,2026-04-16 22:21:20
DeepTech深科技,https://mp.weixin.qq.com/s?__biz=MzA3NTIyODUzNA==&tempkey=MTM3MF9Qc1JWYXRHUkx1OTc3UHFTVlNXOVJpeVhwZWFoZlBLVURFYm5VNjNYcU14QkZaZUpZS3Rad05mWXNlM1pxWXA1aWNUN3JCNmtla0VReEFqdHRaVC1ya3B3a0NpSE5LTTBxTDItLXNvUUNpYmUyc01TemtIUFFkR09OU3AtX1Q1X0MtMmViUHl6RFN6M0x2eXN3R0ZyMDBYQ1JWdGREcG1mZ25DYlZnfn4%3D&chksm=87778319b0000a0f27fe6290df338d21f3cb791752cdf0062cd9cbbfed434912c4febe9a946c,未处理的视频数据终于有用了，前谷歌团队创办公司，把闲置视频变成结构化数据,解析异常,未提取日期,2026-04-16 22:21:20
DeepTech深科技,https://mp.weixin.qq.com/s?__biz=MzA3NTIyODUzNA==&tempkey=MTM3MF9tM1BSSTYzd1dUL1grOHh1VlNXOVJpeVhwZWFoZlBLVURFYm5VNjNYcU14QkZaZUpZS3Rad05mWXNlM1V1NjVmQ0xEbUd2eHNGQlNlMkVSNnZQa1I2cDllOTdkOHkwYThIV2ZCS3hsTjEwcWhITjZXOHNRR2FTdm5ieFVuYjRwdXhSSE9jT0NoVGpvTTAyOWRoNDBxNHZSU1V4OVE3bzlMQld2dWRBfn4%3D&chksm=87778327b0000a31a903822ddd08517e68dbe8966c5cd8fcdaca4d55f59429b26dbd6bbe6393,高海拔更能抑癌？UCSF团队证实，全身低氧可成为癌症辅助治疗新手段,解析异常,未提取日期,2026-04-16 22:21:20
DeepTech深科技,https://mp.weixin.qq.com/s?__biz=MzA3NTIyODUzNA==&tempkey=MTM3MF9Dd2hPZG4vRSs2OU1yeWdjVlNXOVJpeVhwZWFoZlBLVURFYm5VNjNYcU14QkZaZUpZS3Rad05mWXNlMGNRajFaaVZzVFdSczBDMHBKZ2JlNGMwWVNobGhzY3ZDRjA2Q19jd2VUZ21TaFU5MTVWem1MODQxeVZRWXg0N1NSajZjaGZUZEJjTFNSVlFpTkpWZlVxTFBFb28tbmZJeFREUXhmWjhncTlBfn4%3D&chksm=87778327b0000a31fc8c893df667f27779c7b4f035cede50153b9964c9da38e014ee38fffa3c,未处理的视频数据终于有用了，前谷歌团队创办公司，把闲置视频变成结构化数据,解析异常,未提取日期,2026-04-16 22:21:20
DeepTech深科技,https://mp.weixin.qq.com/s?__biz=MzA3NTIyODUzNA==&tempkey=MTM3MF92MlpXaHFyN1pub2dINmhMVlNXOVJpeVhwZWFoZlBLVURFYm5VNjNYcU14QkZaZUpZS3Rad05mWXNlMlV4eUVrQjNYRlBSd2FiRzJxNlFwLUR4VnRKbTBOQVg3bDR3b3Etc2tQYldYRWhwVGtIWURZUVBWTmdWblFGN0gwNFk3YmJwNUFqeXA1WElyQkxEeURVZTNyTFlSajZ2aUwwbHE4N0ZPV3Znfn4%3D&chksm=877783efb0000af9569a25d1560849d90c4e06dd355d7af4a98b8e5314bd6b90c67993b4e250,除夕重磅！千问开源Qwen3.5，3970亿参数性能超万亿模型，最大吞吐量提升至19倍,解析异常,未提取日期,2026-04-16 22:21:20
DeepTech深科技,https://mp.weixin.qq.com/s?__biz=MzA3NTIyODUzNA==&tempkey=MTM3MF9LMUlNNmIxYjFJSmRFWW16VlNXOVJpeVhwZWFoZlBLVURFYm5VNjNYcU14QkZaZUpZS3Rad05mWXNlM200R0l6SXBDcGsxamQtRGNMTDduWUpGazFGUnNCWHZkMW1pcnA0NEYxcWFtNUdmdEkteElUZ19ma281V0hxZk41RTNlNFlsU3VTbHBTYkVHd3EtOERsdm85Z2tha25OZjc4TGViOFQ4cnJBfn4%3D&chksm=877783efb0000af960293939d0dfb2c7cef8bcc793ead1ab749d89d96fab19f871779bf3a702,35岁的你，心脏可能已经45岁了：科学家试图揭开你的真实生物年龄,解析异常,未提取日期,2026-04-16 22:21:20
MindCode,https://mp.weixin.qq.com/s?__biz=MzAxNTYwMzcyNw==&tempkey=MTM3MF9sTDNwNktOajdYTThER2p0VDJ2UGpiNGs0OTRnUEJsTGY2MHJwZFRvdGlETnpkdmpZcEN3amM4NjNJRDItNWZ6bnh2YVVfQXRYSE1yVXRuWEl0QURDTTlDQTM0ZTNCRHp1YndqUmNGMC1FUWpHVXFQYUlLQU5qVzdmMTh1dTEwYVFCS2RTRml4a2wycjJLZVNoNmVlNzJ2X0dOZmdRT3ZlbHh0WDVBfn4%3D&chksm=9b80cb7facf74269ef66ab2cc993edda6625c16c38b45d2f1a744585a8614353ad4d28edba43,这两天seedance2.0让不少人兴奋,解析异常,未提取日期,2026-04-16 22:28:56
Z Potentials,https://mp.weixin.qq.com/s/qiyXeyV0ik_ulxmsx0f2ww,Z Tech｜ICLR 2026字节发布：从短句到篇章，DiscoX为长文翻译提供评测新范式,解析异常,未提取日期,2026-04-16 22:30:48
极客公园,https://mp.weixin.qq.com/s?__biz=MTMwNDMwODQ0MQ==&tempkey=MTM3MF83WE9teEt6Ri80Q2lNZ1NQZDdmU0c3LXhJeFZOTklRcXFrbEdXZnZyS2tDQ1ZkTDRwX0Q4dldtTlFKdEZ1OEJtSEdJOGIzSlRDWDNZRTRBdU9jQzhacWhWakVNU01FMEtYcmlicHRlQldJOGlhWkpNa0xicXZSTGRtWkhZS09GYTVsRkREMnZ2MTloWHRYeFRZV1lCbGZQUDdnUkd1UmxRbEpuVXJ3fn4%3D&chksm=7e5669c94921e0df911019cc0d018bec6f48f005a71169fcb072af2663af7b8b55e99bf3e269,微软AI CEO：大多数白领工作将在18个月内被AI取代；美国电影协会指控 Seedance2.0 侵权；曝苹果正在测试翻盖式折叠 iPhone | 极客早知道,解析异常,未提取日期,2026-04-16 22:40:01
极客公园,https://mp.weixin.qq.com/s?__biz=MTMwNDMwODQ0MQ==&tempkey=MTM3MF8zWit1Q2RVeVlkMmswQ09LZDdmU0c3LXhJeFZOTklRcXFrbEdXYnJIbGE5dGpqTEx2SnBnOEVqUlo1Y2xaNnA4dEdWZk5yb3QydHdrOFpRRU1kVTA1ZkRGbTVoM1FHYzB4Vk83YUdIV2xtREtEd1ZqOXphZDNLNk9jTmZJdUUwOXdzamctOWxfakh1QUFjQ0hiLV9iVzZLQjFtTF9TUURYYzIzWDhnfn4%3D&chksm=7e56658c4921ec9a5fba2d53c9b74c01d7d357faf6425db748e265fca14402cb2e7f2f03a3ca,雷军：新 SU7 车门内置机械结构；OpenAI 官宣 1100 亿美元融资；阿里或将推 AI 眼镜、指环｜极客早知道,解析异常,未提取日期,2026-04-16 22:40:01
郎瀚威 Will,https://mp.weixin.qq.com/s?__biz=MzIwNjM2NjQyNg==&tempkey=MTM3MF9CQnpZZDNOYlJMcHUvaG9taE5TYTdUWW5pUjY5RjRCNGJxYW9YVThDYmFUeDZzLWNaLU92OVB4OXhZNW1jWHo5eVAzeGhubzU0eDZ5eFJKT25pNzhRd0lFSUc1eE1wLUJ4RVVEN1RDVUpEOVRpeE42dXJKUjIybjNQMGtOSERpN2MtcS1QN21VcHVSMnljX21zOXF3Z1ZNR1UtN0xjeE9yWlpUV1NBfn4%3D&chksm=97201478a0579d6e970ab07eb6df3f28c4da336c9792e4d67995d5cb3b1df653f96ef4d16b5e,不懂代码反而是优势——为什么控制欲强的人用不好AI,解析异常,未提取日期,2026-04-16 22:44:12
赛博禅心,https://mp.weixin.qq.com/s/3gpGhkRe8u0UyMOtPngXUw,感谢一路陪伴，然后...AGI Bar 上央视了,解析异常,未提取日期,2026-04-16 22:46:16
赛博禅心,https://mp.weixin.qq.com/s?__biz=MzkzNDQxOTU2MQ==&tempkey=MTM3MF9kMTlqTmJ1QXlRWCttY3NDTm1GVE1QRVVFSVRUSU10TlNFZi1hOExHZy02UU5vMGZVUzNZNzJwUDBIazJ4VEJBTTRyR1ZsV0ZSdXVicmFPc0pBN1dEeVpRY0J6Vm5WSWdzbU5kSHNURDQ0U0lzYUF4UWZuM2d5eWNJSFplb1lMNERjQUsySTlLSmtnRG9kYUVBbjlVY0U0VVN0ZjRRaGc4UXlzQzRnfn4%3D&chksm=c2bf7f47f5c8f65167e002fba450758610f32d91bad4e39d7786f481688bd92aa42886f51de6,今日最佳：微信封了元宝链接,解析异常,未提取日期,2026-04-16 22:46:16
赛博禅心,https://mp.weixin.qq.com/s?__biz=MzkzNDQxOTU2MQ==&tempkey=MTM3MF82cXQ3RDUxMnFOcDlPRWpnTm1GVE1QRVVFSVRUSU10TlNFZi1hOExHZy02UU5vMGZVUzNZNzJwUDBIbU9HZ2RDYnZCVzQyUWpCRllLYlRIemp4aUZGWjRMNXR2M3ZxLTFUOUdJZnRKZEppSE5COFpzYjdzb0NNS2NtT3Jsbm5QRmtRYkxEMjdqbE5jV0NvMzhwbUZvV2QtM25KZVlVV29zWmc2R2dRfn4%3D&chksm=c2bf7e22f5c8f73496bcb36f6562a0bd4f296e06493c791654fc2ff3b7721c254d85b16ac2de,【进来投票】Opus 级模型：「Pony」小马匿名上线，是...马...斯克家的？,解析异常,未提取日期,2026-04-16 22:46:16
赛博禅心,https://mp.weixin.qq.com/s?__biz=MzkzNDQxOTU2MQ==&tempkey=MTM3MF8wNXNhSG1xYzJkL1ZGcmd1Tm1GVE1QRVVFSVRUSU10TlNFZi1hOExHZy02UU5vMGZVUzNZNzJwUDBIbEVmQXcwRExCTE5Qb0YxOVRJdEdNcHRVUlpSX0ZXY0I5OTJTMjZHRENsZXYwMWR5SmhZUmU4MGlyTlFCN095d1ZZUGRLbm44clY4LXdxVlZGWjB6ZEhDV2JEZTFHdTlEMmdKQlA0RVJwMjlBfn4%3D&chksm=c2bf7972f5c8f06480f2373034b56b9c607e3f6d6319917cc17f746250a399aeefea5fd031bf,Claude Sonnet 4.6 发布,解析异常,未提取日期,2026-04-16 22:46:16
深思圈,https://mp.weixin.qq.com/s?__biz=Mzg3NDc2MjQxMg==&tempkey=MTM3MF9ucWs4a3RJamhrdHB0SCtPYzlFS0JXMHlMc1ZzT2RGbnNoaTFwS3lvc0RqdENlellhVDVUNkNsbC1VM0FfcWFwTEFnUXZPSERLeV95ODl3WWo0N3pOalhYcUdvOXdTR09ZWVg1MVkwalM1T1RYck5iTE0zYTJIWTF0cU9zdVFlVnRUREx5VE1SRGZ3dUZ2RFJhRU13c0xfTnBKUmk1bTU5VmJFTDZnfn4%3D&chksm=cec9718cf9bef89a92500830f35d5ed7880dc30e11cae9a02a5d5037fb4060089124dda406da,4000万美元！红杉美国和NEA抢投这家医疗AI公司,解析异常,未提取日期,2026-04-16 22:48:07
MindCode,https://mp.weixin.qq.com/s?__biz=MzAxNTYwMzcyNw==&tempkey=MTM3MF9YbXd1RSs4YTN1SmdmNkRoVDJ2UGpiNGs0OTRnUEJsTGY2MHJwZFRvdGlETnpkdmpZcEN3amM4NjNJRC12eWlwMmhEYVl6Z0pXM1pQWFhYbGhuMzFKdEYzTFhnR1JSMENzQUVtMzBQM0RQX1dhUTEtOTRCcWtQbU8zNDI1RVJvam1xRk5zVzVlT1pCdDI1ek5sUUZLT1BpSkZtOThsYnhTd2pQMXlnfn4%3D&chksm=9b80cb2bacf7423d673a4c6afaba67eaf3396795f6e6c1146117e42d362953c6c9b608a2b50b,作为人类，一开始我们害怕断粮，后来我们害,解析异常,未提取日期,2026-04-16 23:25:54
Web3天空之城,https://mp.weixin.qq.com/s?__biz=MzIxODUzNTg2MA==&tempkey=MTM3MF9LT2ppUlhNa1BBRTdvOUY2SGpQaTJabENLdWVxU0lzdl9rWkpNbm1YV05oQlhCY2Q1ZXhkTUNzMk9lbEQwcTRBSkwwUzBxUXpuMnVUV0JraHJkTnAwbWlWZDFfY1hVSENaVnRlQ2lyNDRvX0hBT3ptMWVkelM3a20wbFVkdG53UXlqdjNYVDlTaUVlbnhoX1RNamlQdktmcnNXc05NVklVOVFmaW5Bfn4%3D&chksm=97e85e83a09fd795d41093bf4d175c752e67281f19ee15fae1a64d9e65d03a25358fe38a40cb,巅峰寿限：生物医学专家的硬核进化论,解析异常,未提取日期,2026-04-16 23:26:47
白鲸出海,https://mp.weixin.qq.com/s/ui4VNDdgM-Am5biIDSKj2Q,TENWAYS冲刺港交所：欧洲发展最快的EBIKE企业，高瓴腾讯阿里为股东,解析异常,未提取日期,2026-04-16 23:30:11
郎瀚威 Will,https://mp.weixin.qq.com/s?__biz=MzIwNjM2NjQyNg==&tempkey=MTM3MF9rVGh4aUZsWHJZdm5aa2xhaE5TYTdUWW5pUjY5RjRCNGJxYW9YVThDYmFUeDZzLWNaLU92OVB4OXhZN1UtMmg4cC1qN3Z2N1hkVkVIRXdXSXowZEwxdWFjOGJDTmlRdXhvT2ptWjlvcV85TU9SamJqY05MU0pSMENuYUMtU18wZHdvMUZ2NFNsRTBCNnp2RlVLS2lOSGdvX0tqczUtb2hxSkFQalJBfn4%3D&chksm=97201e32a05797247a2b91f4072dbc88273258ee081c79789a108f4de3989f52c7e4d5e04e0b,"硅谷创业者把龙虾接进公司，两周烧了$15,000——他说这钱花少了",解析异常,未提取日期,2026-04-16 23:37:00
郎瀚威 Will,https://mp.weixin.qq.com/s/_Kbc31k-tyMeudvUxzue3A,2146条Twitter骂声里，藏着AI操控电脑的真相,解析异常,未提取日期,2026-04-16 23:37:00
王吉伟,https://mp.weixin.qq.com/s?__biz=MzA5NjMzODEwNQ==&tempkey=MTM3MF9CMWg4ZUpQRG1GUXVSSUc2b2RYcjU5S3luNkNtLUVEV0VSUXJoUmZmLW1EUXd5N3JUT0oySnhqei1sWWlfRHJCM0gyeHVnZXdaeGVRTDRSYnhqQl9lU3BQclkzVkY3RGJ1R2ZmUHdLVnp3NDBfNWk1dkdxNXI4bEQzbVhubExicTBtaEJqQi1ETzVLckYwbjBseE00YVM3cDFjd1RvSVdpMU9KZEd3fn4%3D&chksm=88b9ea41bfce635729704bf2727fcbc82a77e114539c5a09b8a1bfab8f15fc94d896ea66ac01,很严重了，大家别轻易离职。。,解析异常,未提取日期,2026-04-16 23:44:03
王吉伟,https://mp.weixin.qq.com/s?__biz=MzA5NjMzODEwNQ==&tempkey=MTM3MF9WL0ZQT2RDYkVoZUg5U1grb2RYcjU5S3luNkNtLUVEV0VSUXJoUmZmLW1EUXd5N3JUT0oySnhqei1sWmpLWVpHc1F3Q2NhNERjX3Q4dTNDYmwzdzdyOVRYZF9aT2xzaDJ2YUxqeUpnZEJWa01TRXFJOHpDMm1wOGtKZzVTZWFSRWNnd3F0eFhpaXFwV252dnBlZS05TU8yMEY2cFdkVGNINm1pNTFBfn4%3D&chksm=88b9eddcbfce64ca78628f0ad9a52ca6695bb05c7dded0de46a3d361bf62dcad0d57527b786c,团队准备解散了。。,解析异常,未提取日期,2026-04-16 23:44:03
量子位,https://mp.weixin.qq.com/s/aGPJlNTFFeYg4muAQJnfSA,入职Meta的吴翼，清华叉院官网已撤其教职信息,解析异常,未提取日期,2026-04-16 23:48:48
量子位,https://mp.weixin.qq.com/s/BtI_ceZp-oG5YNS17dwuug,马斯克版微信亮相：支持中文，加密聊天，还专门防截屏,解析异常,未提取日期,2026-04-16 23:48:48
新智元,https://mp.weixin.qq.com/s/uMwLmrVHwYti4i_DrrEkWQ,马斯克版微信，终于来了！,解析异常,未提取日期,2026-04-16 23:52:43
智东西,https://mp.weixin.qq.com/s/_PWnikxaAI0umDxVmUiHgA,曝京东云PaaS一号位被刘强东开除！,解析异常,未提取日期,2026-04-16 23:55:33
Web3天空之城,https://mp.weixin.qq.com/s?__biz=MzIxODUzNTg2MA==&tempkey=MTM3MF9KcDhZNDJESUh5Mm40TEJ3SGpQaTJabENLdWVxU0lzdl9rWkpNbm1YV05oQlhCY2Q1ZXhkTUNzMk9lbEhMOVhWeHBlOXhncjBIdVJHc3JYbDJETTRwV292bHBVMG1rcDhscnVBRGwzb2phNzE0cGplRHZQbW9wSlR3blJ5MHBBNy1QdENNcHNiNGkyVUF6OGNKRUpJMGJEZ2VfMjdYaEotR3Znb2lRfn4%3D&chksm=97e85f7ea09fd668a65eecc6a87b9e846eef79ed5fb66e53b5686ce32342fe52c79bcee96b3f,XChat 离“美国版微信”还很远，马斯克更急的是补上 X 的信任缺口,解析异常,未提取日期,2026-04-16 23:59:56
白鲸出海,https://mp.weixin.qq.com/s/9PIuVkXAuxcLEJDbWSNupw,马斯克的美国版微信 XChat，本周正式上架,解析异常,未提取日期,2026-04-17 00:01:31
白鲸出海,https://mp.weixin.qq.com/s?__biz=MzA3NTQ4NjczNw==&tempkey=MTM3MF9RV0t1UndPL3pxZVY1UWdjSkJyeXV2NTRsZi1YUEdKeFlPZDZQNVVWSF8yOXd2U0ZKeFc4RVhqNEFZdFZrbXM0RmNqQVhud2xxbnBwNmNKUU9Ock5lRUZHbWNVc3hNWmRhbTlrX25oSUJTRUZMRU5KVlRUaGdyVnQ0U3QxZU53NkNGMy02ZnlJRmVsWHJheWxsTkdxTHk2N0JTckU4UlpUT0ppLXVnfn4%3D&chksm=876545a8b012ccbe681282caa9fda6ae776e3aef5dee96d87e97073958df6d7377699fb6da2d,小红书跨境电商Redshop将于6月正式上线，AI DIY积木品牌UNICUS 完成数百万美元融资｜一句话看出海新鲜事,解析异常,未提取日期,2026-04-17 00:01:31
极客公园,https://mp.weixin.qq.com/s/mqqxhKRjB2BZXT7U1YwaGQ,大疆 OSMO Pocket 4 深度体验：三年之后，大疆如何继续定义「手持云台相机」,解析异常,未提取日期,2026-04-17 00:03:21
极客公园,https://mp.weixin.qq.com/s?__biz=MTMwNDMwODQ0MQ==&tempkey=MTM3MF8zYjdpM1N5THpxdDIvemlPZDdmU0c3LXhJeFZOTklRcXFrbEdXYnJIbGE5dGpqTEx2SnBnOEVqUlo1ZUxxcndDaTloUU5QY3NrTjBxaEZ1MFF4elM1RU1SdDFra3hTcEx5cVl1SU1ibHUtVzU0aW1kVldjZUtONUlfZEZadDE0MUtJTjJ5R0ZfZWdjODFOanNTT1NnTkkwWEliSEUyNWNmV1BncDNBfn4%3D&chksm=7e565b6b4921d27db11f14895a68ac1c1e06638ea02639db00bf328f1b2948e21589aefb8e65,马斯克推出海外微信 XChat；OpenAI「星门」项目三位核心成员跳槽 Meta；苹果 AI 智能眼镜设计细节曝光 | 极客早知道,解析异常,未提取日期,2026-04-17 00:03:21
极客公园,https://mp.weixin.qq.com/s?__biz=MTMwNDMwODQ0MQ==&tempkey=MTM3MF9DOXBFTWs5UDB6ckFGODlUZDdmU0c3LXhJeFZOTklRcXFrbEdXYnJIbGE5dGpqTEx2SnBnOEVqUlo1ZGdzdVdIQ0VQZGhJV21NU01PUjdGT2dENXZtNTVxbTNkVW9Mb1Q0akpxclRfSU0zRTlrRVhfNFlBU1RpTk9KckEwcF9KS3dyRUJVdS1EU0ZFd2h6OUxLUFJCNXFoZlVzb0tTaExIRmwzRlpBfn4%3D&chksm=7e565b434921d25579496a2ece6543451f69d8832f632fc2fbb391b5d41de8d8a95ffd547830,马斯克的美国版微信 XChat，本周正式上架,解析异常,未提取日期,2026-04-17 00:03:21
赛博禅心,https://mp.weixin.qq.com/s?__biz=MzkzNDQxOTU2MQ==&tempkey=MTM3MF9mRzJLV2duYy9UWTR2emRrTm1GVE1QRVVFSVRUSU10TlNFZi1hOExHZy02UU5vMGZVUzNZNzJwUDBIbEhTb21SbWxPM1l4OTVWQ3YtOHo5Q0hLVUlsQVROOVpuNmJjY2liSWVjVk5UUUZVLWo0azJ2bFBhMG9tcHZveHdrTFBqOVliaUg4VTA1aWx0Tk94VDRLTG9Ra1pvMkJIZ1pleVpnY2oyaDZnfn4%3D&chksm=c2bf76e1f5c8fff794352df99547c14d3b8b3ffca6745dead398e43bfec938d53aabda9d2f28,赛博祭祀：不烧纸，烧龙虾,解析异常,未提取日期,2026-04-17 00:05:41
极客公园,https://mp.weixin.qq.com/s?__biz=MTMwNDMwODQ0MQ==&tempkey=MTM3MF96TGd5NlczQkcvd3g0OER5ZDdmU0c3LXhJeFZOTklRcXFrbEdXYnJIbGE5dGpqTEx2SnBnOEVqUlo1ZHVFS2dEMUJudk5WVEt6TE1WOGtjWXBuRWNOOWtrUkVlSDhaLUZfeTFzU1hEdVdacGZHNTRueEZ2ZGdUdzJGMm9TQ3VveGk0NlgtRmpCWEVFZDU2MVROVFI1YzFMTmxJUWptdHl1Z19aZTBRfn4%3D&chksm=7e5655d94921dccfedf3c9b5ea79309223bf9b81e27bf3cd18df427225a30195a8019b1aeb78,Cursor 融资 20 亿美元，估值达 500 亿美元；传马斯克 xAI 下周发布 Grok AI Coding 工具；Meta 再裁 8000 人 | 极客早知道,解析异常,未提取日期,2026-04-20 16:09:26
新智元,https://mp.weixin.qq.com/s?__biz=MzI3MTA0MTk1MA==&tempkey=MTM3MF9MNlVYUnpkcTZFQ2lWOU94UlRQNFQtODZqNlBidXdrYy1XT05ISHJGa3FuNzdLOFZYX3hKaUprN1FHUmJydkNzZmZqVHExdE9rUk1ScVNZdlVjNU42UDk5QWUyS3Jvd0V6S3ZXbUNaaU9pNTZuRkgzTmlVdVF3R1d2S3RlMWRfNUhpSEtIclpjZXU1MFFPenhOejZmeUhjTXI3OEpJYl9tVzlFdzd3fn4%3D&chksm=f12f91f9c65818ef97596dd84a3ffb3765e3da7e5551b5423260c4775eaf15a92681ede22a49,Meta继续大裁员，首轮砍8000人！硅谷AI换人潮破8万了,解析异常,未提取日期,2026-04-20 19:21:34
赛博禅心,https://mp.weixin.qq.com/s/RlOzHspYBu1IcGzLM0phuA,始末｜马斯克 600 亿美金收购 Cursor，没那么简单,解析异常,未提取日期,2026-04-22 16:00:18
Z Potentials,https://mp.weixin.qq.com/s?__biz=MzI4NTgxMDk1NA==&tempkey=MTM3MV84bnRYWFV4NkRUWWI4QmhOZy1zaFlKdUdad1lYN3JxajU0dHZLSHNjTDhSYV93ZHNOMlJnWExpYlN6dmpaQ0lOYkNOMXFTbC1fNzJTc1gzMDhyRTVJQy1obC0wTTVYMzQ0dnl4MTdhRlVvajNPX294RE56WVZCMVg1S2FMNTJtUUVoNzZib0N1UjBqcDBXT3RFVEJuTUxxQ1FOREpZNXpTS3JkZ0hRfn4%3D&chksm=ebe474cadc93fddc67d333c586f2237aff95d7f796237dffb5ee40e6ee51ff1191282cd49b8a,深度｜Agent as a service，从加入一场群聊开始,解析异常,未提取日期,2026-04-23 14:14:07
机器之心,https://mp.weixin.qq.com/s/XBu7KrhqZlmvfIJqmFbyFg,蒸馏所有员工：Meta强制收集鼠标键盘输入训练AI，社区炸了,解析异常,"微信文章解析失败: HTTPSConnectionPool(host='mp.weixin.qq.com', port=443): Max retries exceeded with url: /s/XBu7KrhqZlmvfIJqmFbyFg (Caused by ProxyError('Unable to connect to proxy', NewConnectionError('<urllib3.connection.HTTPSConnection object at 0x000001429F129BD0>: Failed to establish a new connection: [WinError 10061] 由于目标计算机积极拒绝，无法连接。')))",2026-04-24 04:24:26
机器之心,https://mp.weixin.qq.com/s/2N_Wfq33hX7_Ig9F4wO-og,ICLR 2026 Oral｜Information Shapes Koopman Representation：信息如何决定世界模拟？,解析异常,"微信文章解析失败: HTTPSConnectionPool(host='mp.weixin.qq.com', port=443): Max retries exceeded with url: /s/2N_Wfq33hX7_Ig9F4wO-og (Caused by ProxyError('Unable to connect to proxy', NewConnectionError('<urllib3.connection.HTTPSConnection object at 0x000001429F12A990>: Failed to establish a new connection: [WinError 10061] 由于目标计算机积极拒绝，无法连接。')))",2026-04-24 04:24:26
机器之心,https://mp.weixin.qq.com/s/QR3Kzv4TFVgQ1SGoHyLi9g,国产具身世界模型「破晓时刻」！中科第五纪FlowWAM登顶全球榜单，斩获双料第一,解析异常,"微信文章解析失败: HTTPSConnectionPool(host='mp.weixin.qq.com', port=443): Max retries exceeded with url: /s/QR3Kzv4TFVgQ1SGoHyLi9g (Caused by ProxyError('Unable to connect to proxy', NewConnectionError('<urllib3.connection.HTTPSConnection object at 0x000001429F12B110>: Failed to establish a new connection: [WinError 10061] 由于目标计算机积极拒绝，无法连接。')))",2026-04-24 04:24:26
机器之心,https://mp.weixin.qq.com/s/ZWUI_iuwrRY4vzwo5LWFjg,英伟达迎劲敌？谷歌第八代TPU首推「训推双芯」：8t专攻训练，8i「死磕」推理,解析异常,"微信文章解析失败: HTTPSConnectionPool(host='mp.weixin.qq.com', port=443): Max retries exceeded with url: /s/ZWUI_iuwrRY4vzwo5LWFjg (Caused by ProxyError('Unable to connect to proxy', NewConnectionError('<urllib3.connection.HTTPSConnection object at 0x000001429F12B890>: Failed to establish a new connection: [WinError 10061] 由于目标计算机积极拒绝，无法连接。')))",2026-04-24 04:24:26
机器之心,https://mp.weixin.qq.com/s/49sPn3OqJBl0bLlc-Sr-Pg,刚刚，姚顺雨带队「重建」混元，首个大模型上线了,解析异常,"微信文章解析失败: HTTPSConnectionPool(host='mp.weixin.qq.com', port=443): Max retries exceeded with url: /s/49sPn3OqJBl0bLlc-Sr-Pg (Caused by ProxyError('Unable to connect to proxy', NewConnectionError('<urllib3.connection.HTTPSConnection object at 0x000001429F08FC50>: Failed to establish a new connection: [WinError 10061] 由于目标计算机积极拒绝，无法连接。')))",2026-04-24 04:24:26
机器之心,https://mp.weixin.qq.com/s/o6UrrphPBXqGrn2kr2YtJw,下载量掉到巅峰期一半、日更被骂惨，OpenClaw热还能维持多久？,解析异常,"微信文章解析失败: HTTPSConnectionPool(host='mp.weixin.qq.com', port=443): Max retries exceeded with url: /s/o6UrrphPBXqGrn2kr2YtJw (Caused by ProxyError('Unable to connect to proxy', NewConnectionError('<urllib3.connection.HTTPSConnection object at 0x000001429F12B610>: Failed to establish a new connection: [WinError 10061] 由于目标计算机积极拒绝，无法连接。')))",2026-04-24 04:24:26
机器之心,https://mp.weixin.qq.com/s/0mR7DTi26v1FUKIft3bPuw,CVPR 2026 | 告别倾听「扑克脸」，UniLS框架来了，刷新数字人对话SOTA,解析异常,"微信文章解析失败: HTTPSConnectionPool(host='mp.weixin.qq.com', port=443): Max retries exceeded with url: /s/0mR7DTi26v1FUKIft3bPuw (Caused by ProxyError('Unable to connect to proxy', NewConnectionError('<urllib3.connection.HTTPSConnection object at 0x000001429F12AE90>: Failed to establish a new connection: [WinError 10061] 由于目标计算机积极拒绝，无法连接。')))",2026-04-24 04:24:26
机器之心,https://mp.weixin.qq.com/s/RZo5YfYxdB7PhLjTcuwyww,姚顺雨带队、Hy3 preview上线！腾讯现在适合上车吗？,解析异常,"微信文章解析失败: HTTPSConnectionPool(host='mp.weixin.qq.com', port=443): Max retries exceeded with url: /s/RZo5YfYxdB7PhLjTcuwyww (Caused by ProxyError('Unable to connect to proxy', NewConnectionError('<urllib3.connection.HTTPSConnection object at 0x000001429F12A350>: Failed to establish a new connection: [WinError 10061] 由于目标计算机积极拒绝，无法连接。')))",2026-04-24 04:24:26
机器之心,https://mp.weixin.qq.com/s/JzegnNutRBgOyLHMZCxcoQ,刚刚，DeepSeek开始频繁更新：Tile Kernels、DeepEP V2,解析异常,"微信文章解析失败: HTTPSConnectionPool(host='mp.weixin.qq.com', port=443): Max retries exceeded with url: /s/JzegnNutRBgOyLHMZCxcoQ (Caused by ProxyError('Unable to connect to proxy', NewConnectionError('<urllib3.connection.HTTPSConnection object at 0x000001429F129950>: Failed to establish a new connection: [WinError 10061] 由于目标计算机积极拒绝，无法连接。')))",2026-04-24 04:24:26
机器之心,https://mp.weixin.qq.com/s/lu8qvvJujGShtM7eHLeyBA,首篇「Attention Sink」综述：从利用、理解到消除，Transformer中的注意力「汇聚」全景解析,解析异常,"微信文章解析失败: HTTPSConnectionPool(host='mp.weixin.qq.com', port=443): Max retries exceeded with url: /s/lu8qvvJujGShtM7eHLeyBA (Caused by ProxyError('Unable to connect to proxy', NewConnectionError('<urllib3.connection.HTTPSConnection object at 0x000001429F08FC50>: Failed to establish a new connection: [WinError 10061] 由于目标计算机积极拒绝，无法连接。')))",2026-04-24 04:24:26
量子位,https://mp.weixin.qq.com/s/7ROLqZNLEaNGxRoUh90_gQ,半壁华人！GPT Image 2团队曝光：无锡才俊带队，13人4个月封神,解析异常,"微信文章解析失败: HTTPSConnectionPool(host='mp.weixin.qq.com', port=443): Max retries exceeded with url: /s/7ROLqZNLEaNGxRoUh90_gQ (Caused by ProxyError('Unable to connect to proxy', NewConnectionError('<urllib3.connection.HTTPSConnection object at 0x000001429F129950>: Failed to establish a new connection: [WinError 10061] 由于目标计算机积极拒绝，无法连接。')))",2026-04-24 04:26:45
量子位,https://mp.weixin.qq.com/s/U56jNspKPMyM5otNkqCSzg,Meta把同事全炼化！强制抓取鼠标按键，用来训AI,解析异常,"微信文章解析失败: HTTPSConnectionPool(host='mp.weixin.qq.com', port=443): Max retries exceeded with url: /s/U56jNspKPMyM5otNkqCSzg (Caused by ProxyError('Unable to connect to proxy', NewConnectionError('<urllib3.connection.HTTPSConnection object at 0x000001429F12A350>: Failed to establish a new connection: [WinError 10061] 由于目标计算机积极拒绝，无法连接。')))",2026-04-24 04:26:45
量子位,https://mp.weixin.qq.com/s/jepABV_xJiFWzuVqFO8LEQ,小米新开源旗舰！MiMo-2.5更省token：10分钟仿写SBTI测试,解析异常,"微信文章解析失败: HTTPSConnectionPool(host='mp.weixin.qq.com', port=443): Max retries exceeded with url: /s/jepABV_xJiFWzuVqFO8LEQ (Caused by ProxyError('Unable to connect to proxy', NewConnectionError('<urllib3.connection.HTTPSConnection object at 0x000001429F12AE90>: Failed to establish a new connection: [WinError 10061] 由于目标计算机积极拒绝，无法连接。')))",2026-04-24 04:26:45
量子位,https://mp.weixin.qq.com/s/lq0CJS4agvxN5H6um6f0rA,Nature封面：机器人乒乓球干翻人类职业选手,解析异常,"微信文章解析失败: HTTPSConnectionPool(host='mp.weixin.qq.com', port=443): Max retries exceeded with url: /s/lq0CJS4agvxN5H6um6f0rA (Caused by ProxyError('Unable to connect to proxy', NewConnectionError('<urllib3.connection.HTTPSConnection object at 0x000001429F12B610>: Failed to establish a new connection: [WinError 10061] 由于目标计算机积极拒绝，无法连接。')))",2026-04-24 04:26:45
量子位,https://mp.weixin.qq.com/s/Y9rg_jsCT1Ivj3oTSxVwKQ,视觉大模型迎来“o1时刻”：腾讯混元提出SOAR，让AI在生成中学会自我纠偏,解析异常,"微信文章解析失败: HTTPSConnectionPool(host='mp.weixin.qq.com', port=443): Max retries exceeded with url: /s/Y9rg_jsCT1Ivj3oTSxVwKQ (Caused by ProxyError('Unable to connect to proxy', NewConnectionError('<urllib3.connection.HTTPSConnection object at 0x000001429F128050>: Failed to establish a new connection: [WinError 10061] 由于目标计算机积极拒绝，无法连接。')))",2026-04-24 04:26:45
量子位,https://mp.weixin.qq.com/s/lNFm-FW9HmGrGaBluyKLUA,刚刚，姚顺雨首次交卷！腾讯混元3 Preview大模型发布,解析异常,"微信文章解析失败: HTTPSConnectionPool(host='mp.weixin.qq.com', port=443): Max retries exceeded with url: /s/lNFm-FW9HmGrGaBluyKLUA (Caused by ProxyError('Unable to connect to proxy', NewConnectionError('<urllib3.connection.HTTPSConnection object at 0x000001429F12B890>: Failed to establish a new connection: [WinError 10061] 由于目标计算机积极拒绝，无法连接。')))",2026-04-24 04:26:45
量子位,https://mp.weixin.qq.com/s/V6P5oGxx3YaNHim3JMDUIw,马斯克站台谷歌第8代TPU！训练从数月缩至数周、推理性价比提升80%,解析异常,"微信文章解析失败: HTTPSConnectionPool(host='mp.weixin.qq.com', port=443): Max retries exceeded with url: /s/V6P5oGxx3YaNHim3JMDUIw (Caused by ProxyError('Unable to connect to proxy', NewConnectionError('<urllib3.connection.HTTPSConnection object at 0x000001429F12B110>: Failed to establish a new connection: [WinError 10061] 由于目标计算机积极拒绝，无法连接。')))",2026-04-24 04:26:45
量子位,https://mp.weixin.qq.com/s/Y6PGIZmwDX4Y_9aepUv84A,河南师傅，左手扳手，右手飞书，竟然能搞数据分析！,解析异常,"微信文章解析失败: HTTPSConnectionPool(host='mp.weixin.qq.com', port=443): Max retries exceeded with url: /s/Y6PGIZmwDX4Y_9aepUv84A (Caused by ProxyError('Unable to connect to proxy', NewConnectionError('<urllib3.connection.HTTPSConnection object at 0x000001429F12A990>: Failed to establish a new connection: [WinError 10061] 由于目标计算机积极拒绝，无法连接。')))",2026-04-24 04:26:45
量子位,https://mp.weixin.qq.com/s/t30ArsLj-vzXWZBl23eScA,国内首家百亿估值纯推理GPU独角兽诞生！专访曦望联席CEO王湛：谁的推理成本更低谁就是赢家,解析异常,"微信文章解析失败: HTTPSConnectionPool(host='mp.weixin.qq.com', port=443): Max retries exceeded with url: /s/t30ArsLj-vzXWZBl23eScA (Caused by ProxyError('Unable to connect to proxy', NewConnectionError('<urllib3.connection.HTTPSConnection object at 0x000001429F129BD0>: Failed to establish a new connection: [WinError 10061] 由于目标计算机积极拒绝，无法连接。')))",2026-04-24 04:26:45
量子位,https://mp.weixin.qq.com/s/yATQ-TUhOqn98Be9EifE5A,27B秒了自家397B旗舰，Qwen3.6-27B开源，智能体编程全面超越前代,解析异常,"微信文章解析失败: HTTPSConnectionPool(host='mp.weixin.qq.com', port=443): Max retries exceeded with url: /s/yATQ-TUhOqn98Be9EifE5A (Caused by ProxyError('Unable to connect to proxy', NewConnectionError('<urllib3.connection.HTTPSConnection object at 0x000001429F1296D0>: Failed to establish a new connection: [WinError 10061] 由于目标计算机积极拒绝，无法连接。')))",2026-04-24 04:26:45
量子位,https://mp.weixin.qq.com/s/7qy-UuDUS52OgjUi7kdl3g,倒计时4天！我们在寻找能代表今年AI的企业与产品｜榜单申报,解析异常,"微信文章解析失败: HTTPSConnectionPool(host='mp.weixin.qq.com', port=443): Max retries exceeded with url: /s/7qy-UuDUS52OgjUi7kdl3g (Caused by ProxyError('Unable to connect to proxy', NewConnectionError('<urllib3.connection.HTTPSConnection object at 0x000001429F1296D0>: Failed to establish a new connection: [WinError 10061] 由于目标计算机积极拒绝，无法连接。')))",2026-04-24 04:26:45
量子位,https://mp.weixin.qq.com/s/3QCltK7W7VJv38yeLWfybQ,量子位编辑作者招聘,解析异常,"微信文章解析失败: HTTPSConnectionPool(host='mp.weixin.qq.com', port=443): Max retries exceeded with url: /s/3QCltK7W7VJv38yeLWfybQ (Caused by ProxyError('Unable to connect to proxy', NewConnectionError('<urllib3.connection.HTTPSConnection object at 0x000001429F129BD0>: Failed to establish a new connection: [WinError 10061] 由于目标计算机积极拒绝，无法连接。')))",2026-04-24 04:26:45
量子位,https://mp.weixin.qq.com/s/5n5cVeEaqDRFcBKqmOHntg,刚刚，GPT-5.5发布！更强更快更贵，内测英伟达工程师：失去它像被截肢,解析异常,"微信文章解析失败: HTTPSConnectionPool(host='mp.weixin.qq.com', port=443): Max retries exceeded with url: /s/5n5cVeEaqDRFcBKqmOHntg (Caused by ProxyError('Unable to connect to proxy', NewConnectionError('<urllib3.connection.HTTPSConnection object at 0x000001429F12A990>: Failed to establish a new connection: [WinError 10061] 由于目标计算机积极拒绝，无法连接。')))",2026-04-24 04:26:45
量子位,https://mp.weixin.qq.com/s/ils8zHCVtYTjVhTMT121Hw,堪比纪录片！OpenAI总裁讲述72小时内讧始末,解析异常,"微信文章解析失败: HTTPSConnectionPool(host='mp.weixin.qq.com', port=443): Max retries exceeded with url: /s/ils8zHCVtYTjVhTMT121Hw (Caused by ProxyError('Unable to connect to proxy', NewConnectionError('<urllib3.connection.HTTPSConnection object at 0x000001429F12B110>: Failed to establish a new connection: [WinError 10061] 由于目标计算机积极拒绝，无法连接。')))",2026-04-24 04:26:45
新智元,https://mp.weixin.qq.com/s/Za5ShLmS_csGP1sJhuoD9Q,比「同事.Skill」还狠！裁掉8千人后，小扎AI屠宰场炼化在职员工？,解析异常,"微信文章解析失败: HTTPSConnectionPool(host='mp.weixin.qq.com', port=443): Max retries exceeded with url: /s/Za5ShLmS_csGP1sJhuoD9Q (Caused by ProxyError('Unable to connect to proxy', NewConnectionError('<urllib3.connection.HTTPSConnection object at 0x000001429F12B890>: Failed to establish a new connection: [WinError 10061] 由于目标计算机积极拒绝，无法连接。')))",2026-04-24 04:29:52
新智元,https://mp.weixin.qq.com/s/hfRsnvpWeMqPZQe6T7Xr6Q,OpenAI版「龙虾」首次登场！不睡觉不离职，越PUA越聪明,解析异常,"微信文章解析失败: HTTPSConnectionPool(host='mp.weixin.qq.com', port=443): Max retries exceeded with url: /s/hfRsnvpWeMqPZQe6T7Xr6Q (Caused by ProxyError('Unable to connect to proxy', NewConnectionError('<urllib3.connection.HTTPSConnection object at 0x000001429F08FC50>: Failed to establish a new connection: [WinError 10061] 由于目标计算机积极拒绝，无法连接。')))",2026-04-24 04:29:52
新智元,https://mp.weixin.qq.com/s/uivjnp1mJtehO7-n9dA0xw,4.55亿美金重注一颗「大脑」！红杉高瓴罕见联手,解析异常,"微信文章解析失败: HTTPSConnectionPool(host='mp.weixin.qq.com', port=443): Max retries exceeded with url: /s/uivjnp1mJtehO7-n9dA0xw (Caused by ProxyError('Unable to connect to proxy', NewConnectionError('<urllib3.connection.HTTPSConnection object at 0x000001429F12B610>: Failed to establish a new connection: [WinError 10061] 由于目标计算机积极拒绝，无法连接。')))",2026-04-24 04:29:52
新智元,https://mp.weixin.qq.com/s/Nx4kLFTphg20iBMRFX7Q2A,历史性时刻！Anthropic估值暴涨破万亿美元，首次超越OpenAI,解析异常,"微信文章解析失败: HTTPSConnectionPool(host='mp.weixin.qq.com', port=443): Max retries exceeded with url: /s/Nx4kLFTphg20iBMRFX7Q2A (Caused by ProxyError('Unable to connect to proxy', NewConnectionError('<urllib3.connection.HTTPSConnection object at 0x000001429F12AE90>: Failed to establish a new connection: [WinError 10061] 由于目标计算机积极拒绝，无法连接。')))",2026-04-24 04:29:52
新智元,https://mp.weixin.qq.com/s/1Z9LAoombuvMGBkpyyMCrg,浙大开源多Agent演化系统：大圣棒打王熙凤，大观园沦为空城,解析异常,"微信文章解析失败: HTTPSConnectionPool(host='mp.weixin.qq.com', port=443): Max retries exceeded with url: /s/1Z9LAoombuvMGBkpyyMCrg (Caused by ProxyError('Unable to connect to proxy', NewConnectionError('<urllib3.connection.HTTPSConnection object at 0x000001429F12A350>: Failed to establish a new connection: [WinError 10061] 由于目标计算机积极拒绝，无法连接。')))",2026-04-24 04:29:52
新智元,https://mp.weixin.qq.com/s/W9Uj7FZon4fEvyrlKu5Uhw,GPT-5.5，刚刚泄露了,解析异常,"微信文章解析失败: HTTPSConnectionPool(host='mp.weixin.qq.com', port=443): Max retries exceeded with url: /s/W9Uj7FZon4fEvyrlKu5Uhw (Caused by ProxyError('Unable to connect to proxy', NewConnectionError('<urllib3.connection.HTTPSConnection object at 0x000001429F129950>: Failed to establish a new connection: [WinError 10061] 由于目标计算机积极拒绝，无法连接。')))",2026-04-24 04:29:52
新智元,https://mp.weixin.qq.com/s/-o-1jFVPsIIH_Ddfund36A,谷歌摊牌：75%新代码AI写！第八代TPU亮剑，老黄该急了,解析异常,"微信文章解析失败: HTTPSConnectionPool(host='mp.weixin.qq.com', port=443): Max retries exceeded with url: /s/-o-1jFVPsIIH_Ddfund36A (Caused by ProxyError('Unable to connect to proxy', NewConnectionError('<urllib3.connection.HTTPSConnection object at 0x000001429F12BD90>: Failed to establish a new connection: [WinError 10061] 由于目标计算机积极拒绝，无法连接。')))",2026-04-24 04:29:52
新智元,https://mp.weixin.qq.com/s/2q6vJgI0LruVKTmByamjhQ,2026 AAAS新院士出炉！中科大校友范汕洄、杜强上榜,解析异常,"微信文章解析失败: HTTPSConnectionPool(host='mp.weixin.qq.com', port=443): Max retries exceeded with url: /s/2q6vJgI0LruVKTmByamjhQ (Caused by ProxyError('Unable to connect to proxy', NewConnectionError('<urllib3.connection.HTTPSConnection object at 0x000001429F129950>: Failed to establish a new connection: [WinError 10061] 由于目标计算机积极拒绝，无法连接。')))",2026-04-24 04:29:52
新智元,https://mp.weixin.qq.com/s/kPyL29mx-vzSjFn_trGogg,OpenClaw，崩了！,解析异常,"微信文章解析失败: HTTPSConnectionPool(host='mp.weixin.qq.com', port=443): Max retries exceeded with url: /s/kPyL29mx-vzSjFn_trGogg (Caused by ProxyError('Unable to connect to proxy', NewConnectionError('<urllib3.connection.HTTPSConnection object at 0x000001429F12A350>: Failed to establish a new connection: [WinError 10061] 由于目标计算机积极拒绝，无法连接。')))",2026-04-24 04:29:52
智东西,https://mp.weixin.qq.com/s/z_htnhYfPWaC-KFPCHY0ag,DeepSeek V4发布前，罗福莉亮剑！小米最强大模型MiMo-V2.5深夜突袭,解析异常,"微信文章解析失败: HTTPSConnectionPool(host='mp.weixin.qq.com', port=443): Max retries exceeded with url: /s/z_htnhYfPWaC-KFPCHY0ag (Caused by ProxyError('Unable to connect to proxy', NewConnectionError('<urllib3.connection.HTTPSConnection object at 0x000001429F12AE90>: Failed to establish a new connection: [WinError 10061] 由于目标计算机积极拒绝，无法连接。')))",2026-04-24 04:31:58
智东西,https://mp.weixin.qq.com/s/LhPknRzbJN3vBCuIzqVWrw,今天，姚顺雨在DeepSeek V4前交卷了,解析异常,"微信文章解析失败: HTTPSConnectionPool(host='mp.weixin.qq.com', port=443): Max retries exceeded with url: /s/LhPknRzbJN3vBCuIzqVWrw (Caused by ProxyError('Unable to connect to proxy', NewConnectionError('<urllib3.connection.HTTPSConnection object at 0x000001429F12B610>: Failed to establish a new connection: [WinError 10061] 由于目标计算机积极拒绝，无法连接。')))",2026-04-24 04:31:58
智东西,https://mp.weixin.qq.com/s/HaSQIOyANe90uj7vme9XjA,1万亿美元！Anthropic估值暴涨，反超OpenAI,解析异常,"微信文章解析失败: HTTPSConnectionPool(host='mp.weixin.qq.com', port=443): Max retries exceeded with url: /s/HaSQIOyANe90uj7vme9XjA (Caused by ProxyError('Unable to connect to proxy', NewConnectionError('<urllib3.connection.HTTPSConnection object at 0x000001429F08FC50>: Failed to establish a new connection: [WinError 10061] 由于目标计算机积极拒绝，无法连接。')))",2026-04-24 04:31:58
智东西,https://mp.weixin.qq.com/s/LszelxFZ3i_QHbI5aghJmQ,机器人这回真要进家当保姆了！世界统一模型登场，有世界观、能自我进化,解析异常,"微信文章解析失败: HTTPSConnectionPool(host='mp.weixin.qq.com', port=443): Max retries exceeded with url: /s/LszelxFZ3i_QHbI5aghJmQ (Caused by ProxyError('Unable to connect to proxy', NewConnectionError('<urllib3.connection.HTTPSConnection object at 0x000001429F12B9D0>: Failed to establish a new connection: [WinError 10061] 由于目标计算机积极拒绝，无法连接。')))",2026-04-24 04:31:58
智东西,https://mp.weixin.qq.com/s/XGdcUiydxMIVQ-S31Z3mzg,实测Qwen3.6-27B：4分钟做了个跑酷游戏，验证码识别正确率超90%,解析异常,"微信文章解析失败: HTTPSConnectionPool(host='mp.weixin.qq.com', port=443): Max retries exceeded with url: /s/XGdcUiydxMIVQ-S31Z3mzg (Caused by ProxyError('Unable to connect to proxy', NewConnectionError('<urllib3.connection.HTTPSConnection object at 0x000001429F12B250>: Failed to establish a new connection: [WinError 10061] 由于目标计算机积极拒绝，无法连接。')))",2026-04-24 04:31:58
42章经,https://mp.weixin.qq.com/s/sbV_-9zu8I2l84-hksG6UQ,AI 会带来大规模失业吗？｜42章经,解析异常,"微信文章解析失败: HTTPSConnectionPool(host='mp.weixin.qq.com', port=443): Max retries exceeded with url: /s/sbV_-9zu8I2l84-hksG6UQ (Caused by ProxyError('Unable to connect to proxy', NewConnectionError('<urllib3.connection.HTTPSConnection object at 0x000001429F12AAD0>: Failed to establish a new connection: [WinError 10061] 由于目标计算机积极拒绝，无法连接。')))",2026-04-24 04:33:16
DeepTech深科技,https://mp.weixin.qq.com/s/bQ_pmHrfXWWBcyLjjCLx4w,谷歌第八代TPU双舰齐发，终结AI推理延迟，让智能体真正实现随叫随到,解析异常,"微信文章解析失败: HTTPSConnectionPool(host='mp.weixin.qq.com', port=443): Max retries exceeded with url: /s/bQ_pmHrfXWWBcyLjjCLx4w (Caused by ProxyError('Unable to connect to proxy', NewConnectionError('<urllib3.connection.HTTPSConnection object at 0x000001429F129D10>: Failed to establish a new connection: [WinError 10061] 由于目标计算机积极拒绝，无法连接。')))",2026-04-24 04:33:43
DeepTech深科技,https://mp.weixin.qq.com/s/b2rUstwjdO4xfSJc6pSksw,机器人打乒乓球赢了人类球手，专家：杀鸡用牛刀,解析异常,"微信文章解析失败: HTTPSConnectionPool(host='mp.weixin.qq.com', port=443): Max retries exceeded with url: /s/b2rUstwjdO4xfSJc6pSksw (Caused by ProxyError('Unable to connect to proxy', NewConnectionError('<urllib3.connection.HTTPSConnection object at 0x000001429F128F50>: Failed to establish a new connection: [WinError 10061] 由于目标计算机积极拒绝，无法连接。')))",2026-04-24 04:33:43
DeepTech深科技,https://mp.weixin.qq.com/s/IqgPnYhPSRtrb0Y97u_ORw,创办AI公司来革自己的命，前OpenAI推理模型负责人自立门户,解析异常,"微信文章解析失败: HTTPSConnectionPool(host='mp.weixin.qq.com', port=443): Max retries exceeded with url: /s/IqgPnYhPSRtrb0Y97u_ORw (Caused by ProxyError('Unable to connect to proxy', NewConnectionError('<urllib3.connection.HTTPSConnection object at 0x000001429F128F50>: Failed to establish a new connection: [WinError 10061] 由于目标计算机积极拒绝，无法连接。')))",2026-04-24 04:33:43
DeepTech深科技,https://mp.weixin.qq.com/s/SfaL5AHt5wvVdZJtRUStTw,10个关键词理解正在发生的AI趋势,解析异常,"微信文章解析失败: HTTPSConnectionPool(host='mp.weixin.qq.com', port=443): Max retries exceeded with url: /s/SfaL5AHt5wvVdZJtRUStTw (Caused by ProxyError('Unable to connect to proxy', NewConnectionError('<urllib3.connection.HTTPSConnection object at 0x000001429F129D10>: Failed to establish a new connection: [WinError 10061] 由于目标计算机积极拒绝，无法连接。')))",2026-04-24 04:33:43
DeepTech深科技,https://mp.weixin.qq.com/s/1HwOUHTbNNLPMGZr08i8jw,《麻省理工科技评论》年度AI洞察：10个关键词理解正在发生的AI趋势,解析异常,"微信文章解析失败: HTTPSConnectionPool(host='mp.weixin.qq.com', port=443): Max retries exceeded with url: /s/1HwOUHTbNNLPMGZr08i8jw (Caused by ProxyError('Unable to connect to proxy', NewConnectionError('<urllib3.connection.HTTPSConnection object at 0x000001429F12AAD0>: Failed to establish a new connection: [WinError 10061] 由于目标计算机积极拒绝，无法连接。')))",2026-04-24 04:33:43
Founder Park,https://mp.weixin.qq.com/s/biiP9fn84v44kJpwh2qJ2Q,Cursor即将被收购、Figma股价大跌，模型厂商还会吃掉谁？AI应用存在护城河吗？,解析异常,"微信文章解析失败: HTTPSConnectionPool(host='mp.weixin.qq.com', port=443): Max retries exceeded with url: /s/biiP9fn84v44kJpwh2qJ2Q (Caused by ProxyError('Unable to connect to proxy', NewConnectionError('<urllib3.connection.HTTPSConnection object at 0x000001429F12B250>: Failed to establish a new connection: [WinError 10061] 由于目标计算机积极拒绝，无法连接。')))",2026-04-24 04:34:58
Founder Park,https://mp.weixin.qq.com/s/SDUqxjvUXN451bjpSH29pQ,Altman、Brockman十年来首次同台：砍掉Sora不是因为它不够好，第一优先级是Agent,解析异常,"微信文章解析失败: HTTPSConnectionPool(host='mp.weixin.qq.com', port=443): Max retries exceeded with url: /s/SDUqxjvUXN451bjpSH29pQ (Caused by ProxyError('Unable to connect to proxy', NewConnectionError('<urllib3.connection.HTTPSConnection object at 0x000001429F12B9D0>: Failed to establish a new connection: [WinError 10061] 由于目标计算机积极拒绝，无法连接。')))",2026-04-24 04:34:58
MindCode,https://mp.weixin.qq.com/s/RpnBYUtavhmtwCymC8ojPQ,这下你的龙虾也能用GPT Image 2了，并且是用你的ChatGPT会员权益,解析异常,"微信文章解析失败: HTTPSConnectionPool(host='mp.weixin.qq.com', port=443): Max retries exceeded with url: /s/RpnBYUtavhmtwCymC8ojPQ (Caused by ProxyError('Unable to connect to proxy', NewConnectionError('<urllib3.connection.HTTPSConnection object at 0x000001429F780690>: Failed to establish a new connection: [WinError 10061] 由于目标计算机积极拒绝，无法连接。')))",2026-04-24 04:35:37
Web3天空之城,https://mp.weixin.qq.com/s/jN6C0ILug7R991YiL9gagg,"全程| AI图像模型新王诞生！OpenAI Images 2.0发布会：再见了, 谷歌香蕉模型",解析异常,"微信文章解析失败: HTTPSConnectionPool(host='mp.weixin.qq.com', port=443): Max retries exceeded with url: /s/jN6C0ILug7R991YiL9gagg (Caused by ProxyError('Unable to connect to proxy', NewConnectionError('<urllib3.connection.HTTPSConnection object at 0x000001429F12B610>: Failed to establish a new connection: [WinError 10061] 由于目标计算机积极拒绝，无法连接。')))",2026-04-24 04:36:04
Web3天空之城,https://mp.weixin.qq.com/s/InyL7jKp_QQNWO44CIPl5A,王者归来！OpenAI发布Images 2.0 模型,解析异常,"微信文章解析失败: HTTPSConnectionPool(host='mp.weixin.qq.com', port=443): Max retries exceeded with url: /s/InyL7jKp_QQNWO44CIPl5A (Caused by ProxyError('Unable to connect to proxy', NewConnectionError('<urllib3.connection.HTTPSConnection object at 0x000001429F12AE90>: Failed to establish a new connection: [WinError 10061] 由于目标计算机积极拒绝，无法连接。')))",2026-04-24 04:36:04
Web3天空之城,https://mp.weixin.qq.com/s/Ap_B-v1sfy4mUkLTo2bicA,挪威主权基金万字对话小米CFO：投入超同行10倍造车，全面进击“物理AI” | 图解+视频,解析异常,"微信文章解析失败: HTTPSConnectionPool(host='mp.weixin.qq.com', port=443): Max retries exceeded with url: /s/Ap_B-v1sfy4mUkLTo2bicA (Caused by ProxyError('Unable to connect to proxy', NewConnectionError('<urllib3.connection.HTTPSConnection object at 0x000001429F12A350>: Failed to establish a new connection: [WinError 10061] 由于目标计算机积极拒绝，无法连接。')))",2026-04-24 04:36:04
Web3天空之城,https://mp.weixin.qq.com/s/l0A5fqxOc22FO9EU7N6qog,马斯克的250亿算力豪赌：特斯拉放弃方向盘、自建晶圆厂，正在终结汽车时代| 特斯拉2026Q1电话财报会,解析异常,"微信文章解析失败: HTTPSConnectionPool(host='mp.weixin.qq.com', port=443): Max retries exceeded with url: /s/l0A5fqxOc22FO9EU7N6qog (Caused by ProxyError('Unable to connect to proxy', NewConnectionError('<urllib3.connection.HTTPSConnection object at 0x000001429F129950>: Failed to establish a new connection: [WinError 10061] 由于目标计算机积极拒绝，无法连接。')))",2026-04-24 04:36:04
Web3天空之城,https://mp.weixin.qq.com/s/B-LJofch-u3q2G0o4xF1bA,特斯拉的AI豪赌：从汽车制造商到算力巨头,解析异常,"微信文章解析失败: HTTPSConnectionPool(host='mp.weixin.qq.com', port=443): Max retries exceeded with url: /s/B-LJofch-u3q2G0o4xF1bA (Caused by ProxyError('Unable to connect to proxy', NewConnectionError('<urllib3.connection.HTTPSConnection object at 0x000001429F7802D0>: Failed to establish a new connection: [WinError 10061] 由于目标计算机积极拒绝，无法连接。')))",2026-04-24 04:36:04
Z Potentials,https://mp.weixin.qq.com/s?__biz=MzI4NTgxMDk1NA==&tempkey=MTM3MV9hZnFyR2tJNDlyZTBybFhTZy1zaFlKdUdad1lYN3JxajU0dHZLSHNjTDhSYV93ZHNOMlJnWExpYlN6dmpaQ0lOYkNOMXFTbC1fNzJTc1gzMDhyRTVJQy1obC0wTTVYMzQ0dnl4MTdhRlVvajNPX294RE56WVZCMVg1S2FMNTJtUUVoNzZib0N1UjBqcDBXT3RlV3ZBT1BoMllxTHVtNUg4YXJ0c3JBfn4%3D&chksm=ebe474cadc93fddc67d333c586f2237aff95d7f796237dffb5ee40e6ee51ff1191282cd49b8a,深度｜Agent as a service，从加入一场群聊开始,解析异常,"微信文章解析失败: HTTPSConnectionPool(host='mp.weixin.qq.com', port=443): Max retries exceeded with url: /s?__biz=MzI4NTgxMDk1NA==&tempkey=MTM3MV9hZnFyR2tJNDlyZTBybFhTZy1zaFlKdUdad1lYN3JxajU0dHZLSHNjTDhSYV93ZHNOMlJnWExpYlN6dmpaQ0lOYkNOMXFTbC1fNzJTc1gzMDhyRTVJQy1obC0wTTVYMzQ0dnl4MTdhRlVvajNPX294RE56WVZCMVg1S2FMNTJtUUVoNzZib0N1UjBqcDBXT3RlV3ZBT1BoMllxTHVtNUg4YXJ0c3JBfn4%3D&chksm=ebe474cadc93fddc67d333c586f2237aff95d7f796237dffb5ee40e6ee51ff1191282cd49b8a (Caused by ProxyError('Unable to connect to proxy', NewConnectionError('<urllib3.connection.HTTPSConnection object at 0x000001429F129A90>: Failed to establish a new connection: [WinError 10061] 由于目标计算机积极拒绝，无法连接。')))",2026-04-24 04:37:16
Z Potentials,https://mp.weixin.qq.com/s?__biz=MzI4NTgxMDk1NA==&tempkey=MTM3MV9aY0J6V2xGbDhjeEViOVZGZy1zaFlKdUdad1lYN3JxajU0dHZLSHNjTDhSYV93ZHNOMlJnWExpYlN6dV80d1IyQUpNQXIzVlNGUFpxenpfU2xWUDRCQWFpWkFrWUlPYzZFZjdKcks0UV9DTFhGRnhhRXdNMGFBYXROaWhEX0pZWDdPcEU1aGFxU1dXdTI0N0pvNGlzZEJfa1M1S2RHQnVpVXJpWHVBfn4%3D&chksm=ebe474cadc93fddcec594e2aea706e9679cba4e23cac30d545df566e12abc10a0ee6e1f4b057,速递｜AI存储Vast Data融资10亿美元，估值300亿美元，IPO进行中,解析异常,"微信文章解析失败: HTTPSConnectionPool(host='mp.weixin.qq.com', port=443): Max retries exceeded with url: /s?__biz=MzI4NTgxMDk1NA==&tempkey=MTM3MV9aY0J6V2xGbDhjeEViOVZGZy1zaFlKdUdad1lYN3JxajU0dHZLSHNjTDhSYV93ZHNOMlJnWExpYlN6dV80d1IyQUpNQXIzVlNGUFpxenpfU2xWUDRCQWFpWkFrWUlPYzZFZjdKcks0UV9DTFhGRnhhRXdNMGFBYXROaWhEX0pZWDdPcEU1aGFxU1dXdTI0N0pvNGlzZEJfa1M1S2RHQnVpVXJpWHVBfn4%3D&chksm=ebe474cadc93fddcec594e2aea706e9679cba4e23cac30d545df566e12abc10a0ee6e1f4b057 (Caused by ProxyError('Unable to connect to proxy', NewConnectionError('<urllib3.connection.HTTPSConnection object at 0x000001429F12AFD0>: Failed to establish a new connection: [WinError 10061] 由于目标计算机积极拒绝，无法连接。')))",2026-04-24 04:37:16
Z Potentials,https://mp.weixin.qq.com/s?__biz=MzI4NTgxMDk1NA==&tempkey=MTM3MV93ZXJSUis1cVY2YnZUT1RFZy1zaFlKdUdad1lYN3JxajU0dHZLSHNjTDhSYV93ZHNOMlJnWExpYlN6dGVFZVBGemNNUEd6bW5KTmlaU09WcUpEWlhhVElLbURmMzZfZTB6SEVxbDViRXE4VXJRQnRobUpub0FHUndXMmNEY1ZVYVZ0NnpHX0MyU3Y2SEFSQ3g0WV9RZHJNZGd0enRMcVZIWWNGQTZ3fn4%3D&chksm=ebe474cadc93fddc24c18c50e5ede6d6395ceb051a8dcf04f384a5db4576eaff50a760978460,速递｜NeoCognition完成4000万美元种子轮融资，要打造会自学的通用Agent,解析异常,"微信文章解析失败: HTTPSConnectionPool(host='mp.weixin.qq.com', port=443): Max retries exceeded with url: /s?__biz=MzI4NTgxMDk1NA==&tempkey=MTM3MV93ZXJSUis1cVY2YnZUT1RFZy1zaFlKdUdad1lYN3JxajU0dHZLSHNjTDhSYV93ZHNOMlJnWExpYlN6dGVFZVBGemNNUEd6bW5KTmlaU09WcUpEWlhhVElLbURmMzZfZTB6SEVxbDViRXE4VXJRQnRobUpub0FHUndXMmNEY1ZVYVZ0NnpHX0MyU3Y2SEFSQ3g0WV9RZHJNZGd0enRMcVZIWWNGQTZ3fn4%3D&chksm=ebe474cadc93fddc24c18c50e5ede6d6395ceb051a8dcf04f384a5db4576eaff50a760978460 (Caused by ProxyError('Unable to connect to proxy', NewConnectionError('<urllib3.connection.HTTPSConnection object at 0x000001429F12A990>: Failed to establish a new connection: [WinError 10061] 由于目标计算机积极拒绝，无法连接。')))",2026-04-24 04:37:16
Z Potentials,https://mp.weixin.qq.com/s/viAPlBoqmZezAJ2aZUmEVQ,深度｜Agent as a service，从加入一场群聊开始,解析异常,"微信文章解析失败: HTTPSConnectionPool(host='mp.weixin.qq.com', port=443): Max retries exceeded with url: /s/viAPlBoqmZezAJ2aZUmEVQ (Caused by ProxyError('Unable to connect to proxy', NewConnectionError('<urllib3.connection.HTTPSConnection object at 0x000001429F12B750>: Failed to establish a new connection: [WinError 10061] 由于目标计算机积极拒绝，无法连接。')))",2026-04-24 04:37:16
Z Potentials,https://mp.weixin.qq.com/s/brvoYv5sJu0iItlbCw9ffw,速递｜AI存储Vast Data融资10亿美元，估值300亿美元，IPO进行中,解析异常,"微信文章解析失败: HTTPSConnectionPool(host='mp.weixin.qq.com', port=443): Max retries exceeded with url: /s/brvoYv5sJu0iItlbCw9ffw (Caused by ProxyError('Unable to connect to proxy', NewConnectionError('<urllib3.connection.HTTPSConnection object at 0x000001429F7807D0>: Failed to establish a new connection: [WinError 10061] 由于目标计算机积极拒绝，无法连接。')))",2026-04-24 04:37:16
Z Potentials,https://mp.weixin.qq.com/s/bbR8lFTwQnsgiN7tobR3mQ,速递｜NeoCognition完成4000万美元种子轮融资，要打造会自学的通用Agent,解析异常,"微信文章解析失败: HTTPSConnectionPool(host='mp.weixin.qq.com', port=443): Max retries exceeded with url: /s/bbR8lFTwQnsgiN7tobR3mQ (Caused by ProxyError('Unable to connect to proxy', NewConnectionError('<urllib3.connection.HTTPSConnection object at 0x000001429F12B9D0>: Failed to establish a new connection: [WinError 10061] 由于目标计算机积极拒绝，无法连接。')))",2026-04-24 04:37:16
白鲸出海,https://mp.weixin.qq.com/s/CA-00Cz6IF4aWlpoAO6UZg,马斯克锁定「Cursor」收购选择权，Garena领投涌跃智能5000万美元新一轮融资｜一句话看出海新鲜事,解析异常,"微信文章解析失败: HTTPSConnectionPool(host='mp.weixin.qq.com', port=443): Max retries exceeded with url: /s/CA-00Cz6IF4aWlpoAO6UZg (Caused by ProxyError('Unable to connect to proxy', NewConnectionError('<urllib3.connection.HTTPSConnection object at 0x000001429F12B110>: Failed to establish a new connection: [WinError 10061] 由于目标计算机积极拒绝，无法连接。')))",2026-04-24 04:38:46
白鲸出海,https://mp.weixin.qq.com/s/-UotaSFivPR1BSZW3QwVYw,月流水超3500万，男性向三消出海也跑出成绩了,解析异常,"微信文章解析失败: HTTPSConnectionPool(host='mp.weixin.qq.com', port=443): Max retries exceeded with url: /s/-UotaSFivPR1BSZW3QwVYw (Caused by ProxyError('Unable to connect to proxy', NewConnectionError('<urllib3.connection.HTTPSConnection object at 0x000001429F12B390>: Failed to establish a new connection: [WinError 10061] 由于目标计算机积极拒绝，无法连接。')))",2026-04-24 04:38:46
白鲸出海,https://mp.weixin.qq.com/s/XCHXJQzo5RnoLKD1zJ34ZQ,​一文读懂ChatGPT Images 2.0：图像AI的下一个阶段,解析异常,"微信文章解析失败: HTTPSConnectionPool(host='mp.weixin.qq.com', port=443): Max retries exceeded with url: /s/XCHXJQzo5RnoLKD1zJ34ZQ (Caused by ProxyError('Unable to connect to proxy', NewConnectionError('<urllib3.connection.HTTPSConnection object at 0x000001429F129BD0>: Failed to establish a new connection: [WinError 10061] 由于目标计算机积极拒绝，无法连接。')))",2026-04-24 04:38:46
白鲸出海,https://mp.weixin.qq.com/s/S3mZyM6Y_BvRVaIjyf38hg,GTC2026 Shenzhen这场游戏对接会，可能是今年效率最高的一次“面基”,解析异常,"微信文章解析失败: HTTPSConnectionPool(host='mp.weixin.qq.com', port=443): Max retries exceeded with url: /s/S3mZyM6Y_BvRVaIjyf38hg (Caused by ProxyError('Unable to connect to proxy', NewConnectionError('<urllib3.connection.HTTPSConnection object at 0x000001429F780910>: Failed to establish a new connection: [WinError 10061] 由于目标计算机积极拒绝，无法连接。')))",2026-04-24 04:38:46
白鲸出海,https://mp.weixin.qq.com/s/HZOAAVHCA7NVTFvMarrsLw,倒计时1天｜GTC2026 Shenzhen，开幕在即，只等你来,解析异常,"微信文章解析失败: HTTPSConnectionPool(host='mp.weixin.qq.com', port=443): Max retries exceeded with url: /s/HZOAAVHCA7NVTFvMarrsLw (Caused by ProxyError('Unable to connect to proxy', NewConnectionError('<urllib3.connection.HTTPSConnection object at 0x000001429F129810>: Failed to establish a new connection: [WinError 10061] 由于目标计算机积极拒绝，无法连接。')))",2026-04-24 04:38:46
白鲸出海,https://mp.weixin.qq.com/s/QUM9eQbh_Hhw_e78k8cwEQ,字节发布新一代3D生成模型，《大富翁》上线官方三消游戏｜一句话看出海新鲜事,解析异常,"微信文章解析失败: HTTPSConnectionPool(host='mp.weixin.qq.com', port=443): Max retries exceeded with url: /s/QUM9eQbh_Hhw_e78k8cwEQ (Caused by ProxyError('Unable to connect to proxy', NewConnectionError('<urllib3.connection.HTTPSConnection object at 0x000001429F12A0D0>: Failed to establish a new connection: [WinError 10061] 由于目标计算机积极拒绝，无法连接。')))",2026-04-24 04:38:46
白鲸出海,https://mp.weixin.qq.com/s/cMt970YGZGlyN59LOVUCJA,全球化成主旋律，中国企业如何乘风破局 | GTC首日干货汇总,解析异常,"微信文章解析失败: HTTPSConnectionPool(host='mp.weixin.qq.com', port=443): Max retries exceeded with url: /s/cMt970YGZGlyN59LOVUCJA (Caused by ProxyError('Unable to connect to proxy', NewConnectionError('<urllib3.connection.HTTPSConnection object at 0x000001429F12AC10>: Failed to establish a new connection: [WinError 10061] 由于目标计算机积极拒绝，无法连接。')))",2026-04-24 04:38:46
白鲸出海,https://mp.weixin.qq.com/s/LlLu7WyiHWUqHDDL1JsoQQ,起底GPT Image 2团队后，我扒出了一张华人师徒网,解析异常,"微信文章解析失败: HTTPSConnectionPool(host='mp.weixin.qq.com', port=443): Max retries exceeded with url: /s/LlLu7WyiHWUqHDDL1JsoQQ (Caused by ProxyError('Unable to connect to proxy', NewConnectionError('<urllib3.connection.HTTPSConnection object at 0x000001429F129590>: Failed to establish a new connection: [WinError 10061] 由于目标计算机积极拒绝，无法连接。')))",2026-04-24 04:38:46
海外独角兽,https://mp.weixin.qq.com/s/9R4CknPNtq3-TsBf94tk8A,Agent 时代启示录: 当 Agent 作为新物种加入经济系统,解析异常,"微信文章解析失败: HTTPSConnectionPool(host='mp.weixin.qq.com', port=443): Max retries exceeded with url: /s/9R4CknPNtq3-TsBf94tk8A (Caused by ProxyError('Unable to connect to proxy', NewConnectionError('<urllib3.connection.HTTPSConnection object at 0x000001429F12AD50>: Failed to establish a new connection: [WinError 10061] 由于目标计算机积极拒绝，无法连接。')))",2026-04-24 04:40:38
极客公园,https://mp.weixin.qq.com/s/-TvSCDOfrgvXslK-V_TP2A,华为余承东：新 M9 友商永远追不上；谷歌曝光智能体专项 AI 芯片；兵乓机器人击败人类顶级选手｜极客早知道,解析异常,"微信文章解析失败: HTTPSConnectionPool(host='mp.weixin.qq.com', port=443): Max retries exceeded with url: /s/-TvSCDOfrgvXslK-V_TP2A (Caused by ProxyError('Unable to connect to proxy', NewConnectionError('<urllib3.connection.HTTPSConnection object at 0x000001429F780B90>: Failed to establish a new connection: [WinError 10061] 由于目标计算机积极拒绝，无法连接。')))",2026-04-24 04:41:04
极客公园,https://mp.weixin.qq.com/s/t7eZ9bc3yOiMNi5DG8Cy9w,阿里、美团、字节、小米罕见「会师」，四大厂为何共同押注自变量机器人,解析异常,"微信文章解析失败: HTTPSConnectionPool(host='mp.weixin.qq.com', port=443): Max retries exceeded with url: /s/t7eZ9bc3yOiMNi5DG8Cy9w (Caused by ProxyError('Unable to connect to proxy', NewConnectionError('<urllib3.connection.HTTPSConnection object at 0x000001429F12B610>: Failed to establish a new connection: [WinError 10061] 由于目标计算机积极拒绝，无法连接。')))",2026-04-24 04:41:04
极客公园,https://mp.weixin.qq.com/s/KETpaMcBAC3VJbKEcFG8Vg,一个新视频模型背后，藏着蔡浩宇给游戏行业造的「新引擎」,解析异常,"微信文章解析失败: HTTPSConnectionPool(host='mp.weixin.qq.com', port=443): Max retries exceeded with url: /s/KETpaMcBAC3VJbKEcFG8Vg (Caused by ProxyError('Unable to connect to proxy', NewConnectionError('<urllib3.connection.HTTPSConnection object at 0x000001429F12AE90>: Failed to establish a new connection: [WinError 10061] 由于目标计算机积极拒绝，无法连接。')))",2026-04-24 04:41:04
极客公园,https://mp.weixin.qq.com/s/wcN8WoOyohh5HHFiR_2p7Q,一年烧掉 1850 亿美元、Google 要做智能体时代的「企业 Windows」,解析异常,"微信文章解析失败: HTTPSConnectionPool(host='mp.weixin.qq.com', port=443): Max retries exceeded with url: /s/wcN8WoOyohh5HHFiR_2p7Q (Caused by ProxyError('Unable to connect to proxy', NewConnectionError('<urllib3.connection.HTTPSConnection object at 0x000001429F12A350>: Failed to establish a new connection: [WinError 10061] 由于目标计算机积极拒绝，无法连接。')))",2026-04-24 04:41:04
极客公园,https://mp.weixin.qq.com/s/VCFNYO_E6LcVjYhybXxS8g,姚顺雨带队三个月重构混元，Hy3 preview 上线了,解析异常,"微信文章解析失败: HTTPSConnectionPool(host='mp.weixin.qq.com', port=443): Max retries exceeded with url: /s/VCFNYO_E6LcVjYhybXxS8g (Caused by ProxyError('Unable to connect to proxy', NewConnectionError('<urllib3.connection.HTTPSConnection object at 0x000001429F129950>: Failed to establish a new connection: [WinError 10061] 由于目标计算机积极拒绝，无法连接。')))",2026-04-24 04:41:04
极客公园,https://mp.weixin.qq.com/s/rDZy4L-ojq4lx-SdhGOBwg,这张 4 万块的床垫，凭什么让马斯克、扎克伯格「疯狂上头」?,解析异常,"微信文章解析失败: HTTPSConnectionPool(host='mp.weixin.qq.com', port=443): Max retries exceeded with url: /s/rDZy4L-ojq4lx-SdhGOBwg (Caused by ProxyError('Unable to connect to proxy', NewConnectionError('<urllib3.connection.HTTPSConnection object at 0x000001429F780550>: Failed to establish a new connection: [WinError 10061] 由于目标计算机积极拒绝，无法连接。')))",2026-04-24 04:41:04
卡尔的AI沃茨,https://mp.weixin.qq.com/s/taVyFyuxwsSlf7YPkYTUUQ,我挖到了Kimi K2.6+Hermes的六个神技巧，这下多Agent 24h组队干活真成了,解析异常,"微信文章解析失败: HTTPSConnectionPool(host='mp.weixin.qq.com', port=443): Max retries exceeded with url: /s/taVyFyuxwsSlf7YPkYTUUQ (Caused by ProxyError('Unable to connect to proxy', NewConnectionError('<urllib3.connection.HTTPSConnection object at 0x000001429F129BD0>: Failed to establish a new connection: [WinError 10061] 由于目标计算机积极拒绝，无法连接。')))",2026-04-24 04:42:27
卡尔的AI沃茨,https://mp.weixin.qq.com/s/1J0FkFxKLpKTEVDrC22yWA,Image 2能批量生图了，23个真实场景和提示语一口气学会！,解析异常,"微信文章解析失败: HTTPSConnectionPool(host='mp.weixin.qq.com', port=443): Max retries exceeded with url: /s/1J0FkFxKLpKTEVDrC22yWA (Caused by ProxyError('Unable to connect to proxy', NewConnectionError('<urllib3.connection.HTTPSConnection object at 0x000001429F12B390>: Failed to establish a new connection: [WinError 10061] 由于目标计算机积极拒绝，无法连接。')))",2026-04-24 04:42:27
郎瀚威 Will,https://mp.weixin.qq.com/s/C86KiYJXjPHVGkNfblH5bQ,Will's GenAI网页产品数据 2026年03月,解析异常,"微信文章解析失败: HTTPSConnectionPool(host='mp.weixin.qq.com', port=443): Max retries exceeded with url: /s/C86KiYJXjPHVGkNfblH5bQ (Caused by ProxyError('Unable to connect to proxy', NewConnectionError('<urllib3.connection.HTTPSConnection object at 0x000001429F12B250>: Failed to establish a new connection: [WinError 10061] 由于目标计算机积极拒绝，无法连接。')))",2026-04-24 04:43:06
赛博禅心,https://mp.weixin.qq.com/s/wKDVraT12N1dJYmWajJrHg,OpenAI 开源新模型「隐私过滤器」,解析异常,"微信文章解析失败: HTTPSConnectionPool(host='mp.weixin.qq.com', port=443): Max retries exceeded with url: /s/wKDVraT12N1dJYmWajJrHg (Caused by ProxyError('Unable to connect to proxy', NewConnectionError('<urllib3.connection.HTTPSConnection object at 0x000001429F12BC50>: Failed to establish a new connection: [WinError 10061] 由于目标计算机积极拒绝，无法连接。')))",2026-04-24 04:43:31
赛博禅心,https://mp.weixin.qq.com/s/x-4v6WAZmohanfXluz8TIw,OpenAI 发布 Workspace Agents，接替 GPTs,解析异常,"微信文章解析失败: HTTPSConnectionPool(host='mp.weixin.qq.com', port=443): Max retries exceeded with url: /s/x-4v6WAZmohanfXluz8TIw (Caused by ProxyError('Unable to connect to proxy', NewConnectionError('<urllib3.connection.HTTPSConnection object at 0x000001429F780910>: Failed to establish a new connection: [WinError 10061] 由于目标计算机积极拒绝，无法连接。')))",2026-04-24 04:43:31
赛博禅心,https://mp.weixin.qq.com/s/Qp9JI_TfJnOlCN2_9dsQIw,Hermes 和 Evomap B 站直播，聊抄袭，聊进化，聊未来...,解析异常,"微信文章解析失败: HTTPSConnectionPool(host='mp.weixin.qq.com', port=443): Max retries exceeded with url: /s/Qp9JI_TfJnOlCN2_9dsQIw (Caused by ProxyError('Unable to connect to proxy', NewConnectionError('<urllib3.connection.HTTPSConnection object at 0x000001429F12B9D0>: Failed to establish a new connection: [WinError 10061] 由于目标计算机积极拒绝，无法连接。')))",2026-04-24 04:43:31
赛博禅心,https://mp.weixin.qq.com/s/ctsH2uqf3Gwz-5WmkCuu7g,Claude 开放生活服务接口，Uber 等15 款应用率先接入,解析异常,"微信文章解析失败: HTTPSConnectionPool(host='mp.weixin.qq.com', port=443): Max retries exceeded with url: /s/ctsH2uqf3Gwz-5WmkCuu7g (Caused by ProxyError('Unable to connect to proxy', NewConnectionError('<urllib3.connection.HTTPSConnection object at 0x000001429F12B110>: Failed to establish a new connection: [WinError 10061] 由于目标计算机积极拒绝，无法连接。')))",2026-04-24 04:43:31
赛博禅心,https://mp.weixin.qq.com/s/iO7Vgbc2IisLl8V-Bwrx1Q,GPT-5.5 发布，详细解读,解析异常,"微信文章解析失败: HTTPSConnectionPool(host='mp.weixin.qq.com', port=443): Max retries exceeded with url: /s/iO7Vgbc2IisLl8V-Bwrx1Q (Caused by ProxyError('Unable to connect to proxy', NewConnectionError('<urllib3.connection.HTTPSConnection object at 0x000001429F12AFD0>: Failed to establish a new connection: [WinError 10061] 由于目标计算机积极拒绝，无法连接。')))",2026-04-24 04:43:31
深思圈,,,抓取失败,第 1 页 begin=0 请求失败,2026-04-24 15:56:01
数字生命卡兹克,,,抓取失败,第 1 页 begin=0 请求失败,2026-04-24 15:56:05
特工宇宙,,,抓取失败,第 1 页 begin=0 请求失败,2026-04-24 15:56:09
王吉伟,,,抓取失败,第 1 页 begin=0 请求失败,2026-04-24 15:56:12
量子位,https://mp.weixin.qq.com/s/jepABV_xJiFWzuVqFO8LEQ,小米新开源旗舰！MiMo-2.5更省token：10分钟仿写SBTI测试,解析异常,未提取日期,2026-04-24 17:35:08
Z Potentials,https://mp.weixin.qq.com/s?__biz=MzI4NTgxMDk1NA==&tempkey=MTM3MV95azloREs2Vm1pdit3T1R2Zy1zaFlKdUdad1lYN3JxajU0dHZLSHNjTDhSYV93ZHNOMlJnWExpYlN6dmpaQ0lOYkNOMXFTbC1fNzJTc1gzMDhyRTVJQy1obC0wTTVYMzQ0dnl4MTdhRlVvajNPX294RE56WVZCMVg1S1lVVVc1dUp1R3hYVVJSdUE3QXZKR1BRejg0ZzZPNzBEWTJGZk45MXhQdURRfn4%3D&chksm=ebe474cadc93fddc67d333c586f2237aff95d7f796237dffb5ee40e6ee51ff1191282cd49b8a,深度｜Agent as a service，从加入一场群聊开始,解析异常,未提取日期,2026-04-24 17:37:44
Z Potentials,https://mp.weixin.qq.com/s?__biz=MzI4NTgxMDk1NA==&tempkey=MTM3MV9qLzJrcVNiK3c3UmlzZFlwZy1zaFlKdUdad1lYN3JxajU0dHZLSHNjTDhSYV93ZHNOMlJnWExpYlN6dGxfWG9LbmM3ckFkNjBXa0ZscUZVQzZIdDEwQ0pnWDJ4UmJFMTZRbnpGMjRwT09Ra3RSQ09Id1lxdFE4c2E2NEVVQjQ0UHo5bHh5NUZaRkNzZm8tYjJJWnpRbk1fUEp3Y194VHFENzNZZWpnfn4%3D&chksm=ebe474d4dc93fdc20d31565a5fb8993808177a61717f4010d995c116cfd0024f2a6d801fc828,深度｜Agent as a service，从加入一场群聊开始,解析异常,未提取日期,2026-04-24 17:37:44
Z Potentials,https://mp.weixin.qq.com/s?__biz=MzI4NTgxMDk1NA==&tempkey=MTM3MV8vcGoxWXl5RWJTd3VmOEY4Zy1zaFlKdUdad1lYN3JxajU0dHZLSHNjTDhSYV93ZHNOMlJnWExpYlN6dWJfb2hySXRrVHlWdWRnY2dWRjdzbzhlc2F5ZEM1SXRxVDNHRkNoa3RpdXl0UzFHN0dhVkFKeld1Qk9mUUJ0UkRZbG1vUmRsOTRpN0c4bTVvaVdXd09oTkQwWDQwbFRWbVJwVU9YcDB4a0dBfn4%3D&chksm=ebe474d4dc93fdc2dbe1817984738ac748f1e860fb9032a1bab084f4a30592d36d3f6197c771,速递｜AI存储Vast Data融资10亿美元，估值300亿美元，IPO进行中,解析异常,未提取日期,2026-04-24 17:37:44
Z Potentials,https://mp.weixin.qq.com/s?__biz=MzI4NTgxMDk1NA==&tempkey=MTM3MV9uTVRWbE5ONzNiS0k2RmN2Zy1zaFlKdUdad1lYN3JxajU0dHZLSHNjTDhSYV93ZHNOMlJnWExpYlN6dXBsZnotb2V6Tm1xNFVDcUtXWGExZTE4eHotcl9OdTZrSlVXMGRhdVdkMUdkNkYwekV2V2pGX1RtUlJlMFNGUGNBZ002RVF2X1laZWhNX0NBeEFfVlVOOVAtdUJMcElLRDFieHJnUndWck5nfn4%3D&chksm=ebe474d4dc93fdc2b0970b6a1c54b6d70022e25d036275c02f59caa37c01290e42238d876f89,速递｜NeoCognition完成4000万美元种子轮融资，要打造会自学的通用Agent,解析异常,未提取日期,2026-04-24 17:37:44
新智元,https://mp.weixin.qq.com/s/fmhDC_umyFjsCneH0uwL8w,GPT-5.5好到不敢睡觉，奥特曼连夜写下五大宣言！,解析异常,未提取日期,2026-04-27 13:43:12
赛博禅心,https://mp.weixin.qq.com/s?__biz=MzkzNDQxOTU2MQ==&tempkey=MTM3Ml8vWHE1a053bDM3QnJCK1FscWlJbXQ2eWJJWWxRdDczeGtHQW96M0l3MVctRDgtZ2tvaXhSb3RTQnRMa3g4SUk0RVZBeUZ5ZkwtT3Vfajk2VER2YzM5OHdFQ3QxWUs0UTlOeGRJQTg3cjBaRzRVRFg5a1JmMjl1NVZveEdpbkctN25CclJPQW9ZSjNmTnREeGhEU3VfdDhuQUVNSTVnd3p2OUNWbXV3fn4%3D&chksm=c2bf4c70f5c8c5666f214436a6aa33f35cc90387f921146708e03fb4b52e049734e71b76bcd4,「生物信息学」评测，Claude 反超人类专家,解析异常,未提取日期,2026-05-01 05:02:02
智东西,https://mp.weixin.qq.com/s/L0HO9AGe4EAmE0_VadtSBg,特朗普家族，开始卖Token了,解析异常,未提取日期,2026-05-07 12:30:46
赛博禅心,https://mp.weixin.qq.com/s?__biz=MzkzNDQxOTU2MQ==&tempkey=MTM3M190Y1hFbzlLZXQ0dGZtYVNMUzdwYUdKRzFMVjNud2VDZ3VXZEtJZFNrdFhlZS1mMi1BblQ3bmNuMEJFSmVoYmU0NGoxT1JmV2o4clBrcm1FeVFXRXJKNmtUWXZKT0EwT1llSzJldGRtMUpYOXRwaGZKV2hqQVdaZ1BONUF4M2JyOXJGWVo4amJLRVdpQXJzOVlweGV2M1RXc2hPNjdCMTVKUzc0N1ZRfn4%3D&chksm=c2bf4cf9f5c8c5efac53ff5ea623a662c53a684b3a561958e6a3678f0d02c88980533648427d,难绷...懂王做了中转站，提供稳定的 Claude，还踏马七折,解析异常,未提取日期,2026-05-07 12:33:24
白鲸出海,https://mp.weixin.qq.com/s?__biz=MzA3NTQ4NjczNw==&tempkey=MTM3M19ONzY5NVpYL3hRbWx3TFpheHhCWFhwOUE5OHlXUlF2WVJDWTdIWlM2T0c5VDFZN0NBVHhyWjNReWRscWdlb1B6aHFGTzJuVVJjQ1k1emRjOXFkTFBWRmNNZE5qWjhJZm1QeE1LWnVsU1ZMQVV0Y21qQ1BNaUFlamo2NmthQ3FlR0tFcXBVZkZ4VGdDaUw4X1VSQ2RWMVdadElpMFl5UzZ4YXdTOTBnfn4%3D&chksm=87654905b012c01320847af22d2ba0fd4c460f47d74b53b7f183fb0a4f531b3c5d7f204b310b,苹果放宽巴西市场App Store博彩应用审核；北京脑回录科技完成千万级种子+轮融资，首款产品为AI运动头带｜一句话看出海新鲜事,解析异常,未提取日期,2026-05-10 15:48:05
量子位,https://mp.weixin.qq.com/s/GJMiIEf6aL3a6vYXFYCAsA,未来推理将吃掉70%算力，30%留给训练丨硅谷投资人张璐@AIGC2026,解析异常,未提取日期,2026-05-23 17:42:33
DeepTech深科技,https://mp.weixin.qq.com/s/x2fLuIbKKR3A5xELLuKceA,马斯克诉OpenAI案终落幕：1500亿索赔因“告晚了”被驳回,解析异常,未提取日期,2026-05-23 17:46:22
白鲸出海,https://mp.weixin.qq.com/s/eZaVK85AYSp9846WMQTmgw,Manus创始人计划融资10亿美元回购公司，未来考虑港股上市,解析异常,未提取日期,2026-05-23 17:48:40
极客公园,https://mp.weixin.qq.com/s?__biz=MTMwNDMwODQ0MQ==&tempkey=MTM3NV9DNmdFWUtTR2FNcVI2RHNpMlBULVZKcjRzVWJvSnI0UThCamVVNW9IdWViZk5GU2xKNEpKclFCN3VGaFdKeVVSbF80aGh0T1NwajMzeVI1ZVlkRW84MjRhc0VKQ014QWItVkpqcUUzZTN3NGRPa09FUWxhNGxXMVJlMjVWdTVRb2tqQ2MyZnhhZFVXN0pfSlpJTEZUMG9BSFRnd3piSUNLUFppa0RBfn4%3D&chksm=7e564c1d4921c50b79aab1086bed018c32d91964a822cc039b16b763c00ee33ba092fdc39201,马斯克、库克、黄仁勋盛赞中美元首会晤；英伟达市值破 5.5 万亿美元，超德国 GDP；《GTA6》将于 11 月 19 日零点解锁｜极客早知道,解析异常,未提取日期,2026-05-23 17:49:50
深思圈,https://mp.weixin.qq.com/s?__biz=Mzg3NDc2MjQxMg==&tempkey=MTM3NV9NOTB4Y29vRytWMkxSNGhFZkd4U1E0LW9Za2NHY3h0VGlubjE3NURsR0h5bmVhS25YWlZhVDc2dXY3VjZpLTJtM0pEamhJOFBHX0ZzTWNWWkE1LTNIYmc5cUlBN1FhcFZWRHlnWTBkSmR2SUZpbmhfdXNvbEpPYUI2Y2UxdTZIaU9ELVdEcXAzRVJEQ2pjUWVoclBaNlVGUnVDUlBMRGtnT3ZmOExRfn4%3D&chksm=cec97313f9befa056f3b637462434eb3e7ba874ecd55a22ba68bbf7952fcb48065d1bec7cde6,两位硅谷顶级投资人最新判断：AI 正在重写早期投资规则,解析异常,未提取日期,2026-05-23 17:51:21
特工宇宙,https://mp.weixin.qq.com/s?__biz=MzYyMTY1NDA0Nw==&tempkey=MTM3NV9TWGZ1Wk9HYzMwUm4vWklXOXpuOU9FZko1SGVvUkVMVS1RZmJ3X2dFNmdVckJaREN5YUYwNEZZV0RxOHB4amdIOE9JUzREa1NqNm5LYlZlMXJYZlRSbHBKYlc3SmxOdGZiWENQaXRKRFU4Y1Z2Sl9lYmE1c1JFOGQ0MGV2cmE4SE5Cd1NZbUc5Sjd0MG5LTk13Wm9iMzJ2N0hrZGdoVXJxY2lGRjFRfn4%3D&chksm=ffe33101c894b817f627f29f9bc0a8c10f886b7530a57c849da6e55b2846e000b29c8a42b5c6,我们不生产Token，我们只是AI时代的搬运工,解析异常,未提取日期,2026-05-23 17:52:01
智东西,https://mp.weixin.qq.com/s?__biz=MzA4MTQ4NjQzMw==&tempkey=MTM3Nl9WQmVLQm9rK0x1Qk1EZ1NLUXgyeDVDYVgtdGRqaHdpdHBVekFpaDU2S3dIM0VjQlB4WTdueWFObUlsbmsxNHNzQm1VdDRYYzJyb1hvV05YNmdWMF9uYUxoSkR6cEZHRHFkOFVOQm8tdzc2b19mQ2NCckt6bFJRYmpNVkZ2anNWQkhRUXppTmhiUFJhczB6NzdTcGJCRnJKRDJtYUJSWWd3T0pVbEZ3fn4%3D&chksm=847e05ffb3098ce98c7fbbe4339867011e04df71e3a1424d8957259005b6c02e5c35758ea1d6,曝字节为高通首批AI ASIC芯片客户，百万颗订单，高通大涨8%,解析异常,未提取日期,2026-05-28 01:22:39
DeepTech深科技,https://mp.weixin.qq.com/s?__biz=MzA3NTIyODUzNA==&tempkey=MTM3Nl9KRVRDVDB6d3VYWWsxWmdtSTN4TnVJNnd5c05OUTZadWRfOEhTZjRzYkVrNHloMjU1TThjdkhObXkxTGhIWFl6RFp5NjBhcjhPRnVMd3d5b1R0NndjdUpNbnNCS040NkV1TjcxRjRySFdMYWdWcXZhcnJyNVE3VU5KSlI0Q2d1LW5JbnFQcVNCc0g1UThEdlpmR3hFcGItb3JxLUVGcThmTWlGZWJ3fn4%3D&chksm=8777a6d9b0002fcfe2e31bfdcb41160619fb2995ccd51d24f266385d1217435a792c35a0bd73,14家万亿市值公司，AI占九成,解析异常,未提取日期,2026-05-28 01:23:20
智东西,https://mp.weixin.qq.com/s/e4PCwv-n4UW3alvCyDvC9Q,首次！DeepSeek-V4-Pro全参数后训练，被第三方在国产卡上跑通,解析异常,未提取日期,2026-05-28 16:45:14
王吉伟,https://mp.weixin.qq.com/s?__biz=MzA5NjMzODEwNQ==&tempkey=MTM3Nl90VUJYKzU2elV1ZVdqeU5IeW5aQWszTWdqaktJWVM2bW1FQkFUWlBqOHdfZ1hqWG9zaHBzTjRTVTZXTjAwa3RkTGh4dFJVbm9qLW1YazNWaS16aWxJUC1kMk8wekdPN3duNDNKWHZ1X2l6Q0tIZi1rb1ExazJzb1VPX3JwclIzRjItS2lOMDh2SGthT3ZZLXFDWU9TM1E5ckZUVlZPaFU2Z0ktVFpBfn4%3D&chksm=88b9ececbfce65fafc856afe1b64c8fb0cf2a46ddab7886c5f8bdf48ce486c780a20e016de2c,很严重了，大家别轻易离职。。,解析异常,未提取日期,2026-05-28 16:47:37
白鲸出海,,,抓取失败,第 1 页 begin=0 请求失败,2026-05-30 03:59:18
白鲸出海,,,抓取失败,第 1 页 begin=0 请求失败,2026-05-30 14:48:56
白鲸出海,,,抓取失败,第 1 页 begin=0 请求失败,2026-05-31 11:32:58
Web3天空之城,https://mp.weixin.qq.com/s?__biz=MzIxODUzNTg2MA==&tempkey=MTM3Nl82ODA4dXFTcHVSbGZTU002c0tFeVZ0WXJMNUluRG5JV3dWYUN0Q2dFTV80SGEzY1MtOTlKcXQtOXBRUkJZTUlYaEo1UlFkSko1aDBhUEFZWGJTLWRqdHM5M1N2NXZ5Si1WNmN2MWZ4N2Jjd3pkWVN4TEVhZWVXNjJSeGZIUUstZWpNcmpxSnltSTMyNHRVZlNramwyRk5wVmg5WjFlX2ZaRXBFN2VBfn4%3D&chksm=97eba369a09c2a7f39aa2cbd8c82a696d4542d7363bbafdd2f2719d310a42fc1548feabf80f4,完整版| 黄仁勋在台最新对话 - 人工智能时代的愿景、挑战与未来,解析异常,未提取日期,2026-06-01 16:19:04
白鲸出海,,,抓取失败,第 1 页 begin=0 请求失败,2026-06-01 16:19:38
深思圈,https://mp.weixin.qq.com/s?__biz=Mzg3NDc2MjQxMg==&tempkey=MTM3Nl9oRkpjeTI3SS8xcHhXbSs5Q193elZwdnoyZWx0RTg1Q00xazN1ZWlHcFJ3aktoWVVPZzU1WXAyWWxIMXQ4TmVUeDNRaldHakZWX2hMbi0yZjVra2lKN0U2dy1MQ0d0WTREYWZGTllnM29qTzlvR3JkT2FqZHpPUERCUHhMVW1way1DcEdnRkZSOHFxdWF2UDN5YWhzT0xuTk5qTjdEN1E4NjBuRWNRfn4%3D&chksm=cec97266f9befb7075ca11c5397e38ab08f0453eea6cfcb326d4f0a19eb9a21c7cbca72cd403,"当AI开始""治愈""人心：这款应用如何重新定义心理健康",解析异常,未提取日期,2026-06-01 16:20:41
白鲸出海,,,抓取失败,第 1 页 begin=0 请求失败,2026-06-03 13:59:41
白鲸出海,,,抓取失败,第 1 页 begin=0 请求失败,2026-06-05 03:48:06
特工宇宙,https://mp.weixin.qq.com/s/ZugskokuBQAnjtmthdIrBQ,扣子要干飞书了，认真聊聊扣子 3.0,解析异常,未提取日期,2026-06-05 03:49:39
白鲸出海,,,抓取失败,第 1 页 begin=0 请求失败,2026-06-06 01:15:43
白鲸出海,,,抓取失败,第 1 页 begin=0 请求失败,2026-06-06 16:39:20
极客公园,https://mp.weixin.qq.com/s?__biz=MTMwNDMwODQ0MQ==&tempkey=MTM3N18yclgyRUkvendNQnBJeVFXSDh6X2ZyTFJMdEdWXzJLUkR1eUZ2dTBKbmNmeXg1Rl9ZMzdpVnUwTDdnVlJVZkVmZFNrQ3d2b2JiQ3djblI0ZnhYVFZGay1Eemg2bVlOZVprRU96c1pDbWRTcHpTVzBXRjV6eTN5RmgwOHFNNWo1dnRtV2hqUHB4aG5XWHY5V0tOR0hCdzFPTHREQlIwOUpuUDNyczR3fn4%3D&chksm=7e56458d4921cc9b545cc619e792ad400fd21f655104569c0858e20207e7350fcd498c7accf4,全球最贵的 AI 公司，面试时禁止使用 AI,解析异常,未提取日期,2026-06-06 16:39:27
极客公园,https://mp.weixin.qq.com/s?__biz=MTMwNDMwODQ0MQ==&tempkey=MTM3N19vN2lXM1EvdG5EMjlLbVZjSDh6X2ZyTFJMdEdWXzJLUkR1eUZ2dTBKbmNmeXg1Rl9ZMzdpVnUwTDdnVWVtbFZ1YVZIdEN1dm10THpoMVZPYXdPb056SXhCWGM0ejMxSkc0OHNWYl9saEo0eWh3LWRtakJWSDM4dEZ3YVZGbnlmdXNlckhJaU5XUEt1dU1yckZHb3VZcTMyZmxRWDJ1dmhJUk5VSk9Rfn4%3D&chksm=7e56458b4921cc9df9ee76c31e8e174e2ed7486ca2ed94b3409a8271218b74a03005c532c3d2,全球最贵的 AI 公司，面试时禁止使用 AI,解析异常,未提取日期,2026-06-06 16:39:27
白鲸出海,,,抓取失败,第 1 页 begin=0 请求失败,2026-06-07 15:31:57
极客公园,https://mp.weixin.qq.com/s?__biz=MTMwNDMwODQ0MQ==&tempkey=MTM3N19UM0Iyd0p2cjk1aG5SR3dHSDh6X2ZyTFJMdEdWXzJLUkR1eUZ2dTBKbmNmeXg1Rl9ZMzdpVnUwTDdnV01zNEtibGZMd1VTWHdyNGdTTC1palREbG9HUGpfamhqWjhXblhYTTljZGhRTUhHdVhVbGROM2JyTGtlQmRVYTVuWDZ1UFpfT3o2bXE1SjBPRjgyNUFZSkJmLVJhRm5FUFhtbEVTTXlxOWpBfn4%3D&chksm=7e5645f44921cce28e03907d9093c6308f01e2941f54180ab1c978651e29813e8b97692af88e,全球最贵的 AI 公司，面试时禁止使用 AI,解析异常,未提取日期,2026-06-07 15:32:06
极客公园,https://mp.weixin.qq.com/s?__biz=MTMwNDMwODQ0MQ==&tempkey=MTM3N19tNHNWUHNubktudVFMeFJtSDh6X2ZyTFJMdEdWXzJLUkR1eUZ2dTBKbmNmeXg1Rl9ZMzdpVnUwTDdnVlZ0bFRtMnByOERXYW1lMmFSSXZLWllCT0hHQm1GZXZ2UjJsYXNCQU02NDdEZ2E3YUVvbEVrbGk5bXFLMkx2Z2lYMldfRGt4RDB5VHlWVDBhTjIzQkppQXNRbUROdDZ4Y21SS041MmVxbW9nfn4%3D&chksm=7e5645f54921cce37e73d168aa9b63d64278ac4d3ee714d7ad68208bbab2134c4f31ac507b71,全球最贵的 AI 公司，面试时禁止使用 AI,解析异常,未提取日期,2026-06-07 15:32:06
特工宇宙,https://mp.weixin.qq.com/s?__biz=MzYyMTY1NDA0Nw==&tempkey=MTM3N19IQTRWaGhBcDh4aTRRM01UU1k3aVpjZHZZZXczSE1EZmpEVUpLZmVZU0N2WnZHeW5VU211ekN2MUd1WkwzaHJuaVNnaWl3aUxiUXNqcFllbnVqVDIwV0xKaUVmczljY0ZIY1N4ekx6Njl0R1laYnI1b2Z0RlF4T2owMURZbm5BRmVwMEhWVjJNV2hHRnY0XzhZOUhodGVVQUF0MnBDb05jWkd1VU9nfn4%3D&chksm=ffe33336c894ba20650552f16503c50b4413f1fc5a7128c86c67028acc6f4c5ce34819ea1daf,为什么微信小程序要做 Agent？从张小龙的笔记说起,解析异常,未提取日期,2026-06-07 15:32:57
白鲸出海,,,抓取失败,第 1 页 begin=0 请求失败,2026-06-08 15:35:35
智东西,https://mp.weixin.qq.com/s/pUSmxuW6nO38OU76SrveSQ,曝阶跃星辰或周一启动港股IPO！估值超800亿元,解析异常,未提取日期,2026-06-09 01:08:16
白鲸出海,,,抓取失败,第 1 页 begin=0 请求失败,2026-06-09 01:09:30
白鲸出海,,,抓取失败,第 1 页 begin=0 请求失败,2026-06-10 15:15:49
白鲸出海,,,抓取失败,第 1 页 begin=0 请求失败,2026-06-10 21:42:39
智东西,https://mp.weixin.qq.com/s/aAe9yesP2BbmH9ucPkSAow,OneReason：当推荐系统学会思考,解析异常,未提取日期,2026-06-11 07:15:53
白鲸出海,,,抓取失败,第 1 页 begin=0 请求失败,2026-06-11 07:16:53
新智元,https://mp.weixin.qq.com/s/ff_WoVh5yuzRfWa8on1UlA,神话级Claude 5，登顶了！,解析异常,未提取日期,2026-06-12 03:45:41
MindCode,https://mp.weixin.qq.com/s?__biz=MzAxNTYwMzcyNw==&tempkey=MTM3OF91SWliSmF5VVk1SitweWhNREtZUG0xeEhTT0Q1dm9rMXlSVTNhX1VwdjVmSzhUOXh5U0F3bzM5bnZXa1VtYloxQjkwMVF5TnBHTUFLYV9TTEZwampNOEYyd2p5X0FRU1NTVGM2WlJDcmFqZDhYYXNIQ2J3RUptZ2c3ZTlxbktrcnZBc3hqV0YxQWtFamE0cUh2ODlUZjBPd2hYdldCUXdZcUN0REFBfn4%3D&chksm=9b80ca95acf74383b50a8019e4b5425550d7e2944b0b59bbd61e54251450b5f078d2b006c067,你的学习方式，比你想学的东西更需要更新,解析异常,未提取日期,2026-06-12 03:46:54
白鲸出海,,,抓取失败,第 1 页 begin=0 请求失败,2026-06-12 03:47:55
量子位,https://mp.weixin.qq.com/s/CIytXpZapRlColoq_cKIIQ,SpaceX一上市，连食堂阿姨都要成百万富翁了。。。,解析异常,未提取日期,2026-06-12 23:13:37
MindCode,https://mp.weixin.qq.com/s?__biz=MzAxNTYwMzcyNw==&tempkey=MTM3OF9BQndYaDFEdmtQNFIwS25WREtZUG0xeEhTT0Q1dm9rMXlSVTNhX1VwdjVmSzhUOXh5U0F3bzM5bnZXbExQWlNNR0NnZEcxUXpja2FuMS1TaTJMMHAwX1VkeGpySGRiZjBXV0dPZFlSMWRxV25ZSjNLOEg5QU1YekdadEhlS1dVSTV4Z1JyNTAyWVFYX3RiVW5sNGZRbGQ2OU8xeGx5OHcwTkNJWEFRfn4%3D&chksm=9b80ca97acf743811485f1dc26594bfe8471cbdbe6db8b6c39311b6fb8de3b7c96719fbe8882,你的学习方式，比你想学的东西更需要更新,解析异常,未提取日期,2026-06-12 23:15:12
白鲸出海,,,抓取失败,第 1 页 begin=0 请求失败,2026-06-12 23:15:54
郎瀚威 Will,https://mp.weixin.qq.com/s/dCkiyRl2a-iSpc6sOomTSA,AI 3D生成赛道，开始分层了,解析异常,未提取日期,2026-06-12 23:16:37
白鲸出海,,,抓取失败,第 1 页 begin=0 请求失败,2026-06-13 05:26:06
白鲸出海,,,抓取失败,第 1 页 begin=0 请求失败,2026-06-13 19:04:35
白鲸出海,,,抓取失败,第 1 页 begin=0 请求失败,2026-06-13 22:11:04
白鲸出海,,,抓取失败,第 1 页 begin=0 请求失败,2026-06-14 12:26:42
白鲸出海,,,抓取失败,第 1 页 begin=0 请求失败,2026-06-15 04:05:42
白鲸出海,,,抓取失败,第 1 页 begin=0 请求失败,2026-06-16 16:18:03
王吉伟,https://mp.weixin.qq.com/s?__biz=MzA5NjMzODEwNQ==&tempkey=MTM3OF9Dbm1IYzIvWmNZa0IybWFHRHd0dFNxSlVieDk2OXZpUndfUzExR2Z5Tkp6amctX29LOEI3enczUV9xeHZmbnNYZ1RteVdGUVFOdDdzblY5N0k4SUhZQnhEZmd5SERBYVVzR1ZwaTNlZ0c1V2dYUmo1R3pIcF91ZjFLd3hzQWFSTUVYOERhY3VsY01wSGkzTFhHMVVpZkxFN1Z5U05MYU1hQlV4cmN3fn4%3D&chksm=88b9ec0dbfce651bfbc58223ef141837fe69231fe57334a7cf6f135236e2a8db71e61f909351,微信 AI 生态开放 Agent 重构商业逻辑，互联网商业规则彻底改写,解析异常,未提取日期,2026-06-16 16:19:53
王吉伟,https://mp.weixin.qq.com/s?__biz=MzA5NjMzODEwNQ==&tempkey=MTM3OF9EVWJzS2lFQ2RpZ2NOUzF3RHd0dFNxSlVieDk2OXZpUndfUzExR2Z5Tkp6amctX29LOEI3enczUV9xejlzSEtlazdKTnBpaTJ3ZWpneHRNaTBqU3R6Vl9KTTdtcTNqcnpIa3d5a1FLaU9FZkpraEhSMDU2ZnROVUhVRFc5UkNHMkFuZHJtek4yaWg2R1pRdlB2SXZkdjhVS0pNR0RRUVlVeVlkQktBfn4%3D&chksm=88b9ec0abfce651cd8d30f92e2e8f0892c79f88ad796c0f4962c8bdba9b386f82381fa4c31e7,微信 AI 生态开放 Agent 重构商业逻辑，互联网商业规则彻底改写,解析异常,未提取日期,2026-06-16 16:19:53
白鲸出海,,,抓取失败,第 1 页 begin=0 请求失败,2026-06-18 00:12:51
